method,baseline_name,dtype,causal,B,H,S,D,flops_forward,median_ms,p95_ms,throughput_tokens_per_s,tflops_per_s,approx_bw_gbps
tiledattention,torch_sdpa,float16,False,1,8,512,64,536870912.0,0.0331839993596077,0.04376959949731827,123432982.13131423,16.17860783391562,63.19768685123289
torch_sdpa,torch_sdpa,float16,False,1,8,512,64,536870912.0,0.020927999168634415,0.022419200837612153,195718662.20918196,25.6532364930819,100.20795505110117
torch_sdpa_math,torch_sdpa,float16,False,1,8,512,64,536870912.0,0.27139198780059814,0.2753663957118988,15092560.518070579,1.978212092224547,7.7273909852521365
standard_eager,torch_sdpa,float16,False,1,8,512,64,536870912.0,0.122079998254776,0.12492800354957581,33551769.81123324,4.397697572697964,17.17850614335142
tiledattention,torch_sdpa,float16,False,1,8,512,96,805306368.0,0.06403200328350067,0.0740479975938797,63968012.711784534,12.576623043238536,49.127433762650526
torch_sdpa,torch_sdpa,float16,False,1,8,512,96,805306368.0,0.044064000248909,0.04631039872765541,92955700.27374932,18.275834319421303,71.38997781023947
torch_sdpa_math,torch_sdpa,float16,False,1,8,512,96,805306368.0,0.32022398710250854,0.3230463802814484,12791046.782790849,2.5148221258709436,9.823523929183372
standard_eager,torch_sdpa,float16,False,1,8,512,96,805306368.0,0.13366399705410004,0.13535999357700348,30644003.548256587,6.024856249615631,23.53459472506106
tiledattention,torch_sdpa,float16,False,1,8,512,128,1073741824.0,0.04131200164556503,0.047545599192380904,99147943.37833102,25.991038468969208,101.52749401941097
torch_sdpa,torch_sdpa,float16,False,1,8,512,128,1073741824.0,0.05276799947023392,0.06544640064239501,77622802.47729549,20.34835193260815,79.48574973675058
torch_sdpa_math,torch_sdpa,float16,False,1,8,512,128,1073741824.0,0.3688639998435974,0.3711744129657745,11104363.6726185,2.9109423105949044,11.370868400761346
standard_eager,torch_sdpa,float16,False,1,8,512,128,1073741824.0,0.12972800433635712,0.13198720812797546,31573753.261323158,8.276869974936298,32.331523339594916
tiledattention,torch_sdpa,float16,False,1,8,512,160,1342177280.0,0.1093439981341362,0.11205120384693146,37459760.662631795,12.274814373931187,47.9484936481687
torch_sdpa,torch_sdpa,float16,False,1,8,512,160,1342177280.0,0.05260799825191498,0.058451200276613234,77858883.36572285,25.512798901280064,99.65937070812524
torch_sdpa_math,torch_sdpa,float16,False,1,8,512,160,1342177280.0,0.482015997171402,0.4865535914897919,8497643.281626372,2.7845077505233298,10.876983400481755
standard_eager,torch_sdpa,float16,False,1,8,512,160,1342177280.0,0.1361279934644699,0.13663999736309052,30089329.136178564,9.859671371342992,38.514341294308565
tiledattention,torch_sdpa,float16,False,1,8,1024,64,2147483648.0,0.06095999851822853,0.06297600269317627,134383205.36622703,35.22775098752422,68.80420114750824
torch_sdpa,torch_sdpa,float16,False,1,8,1024,64,2147483648.0,0.04665600135922432,0.04752640053629875,175582985.28256464,46.02802609391262,89.8984884646731
torch_sdpa_math,torch_sdpa,float16,False,1,8,1024,64,2147483648.0,1.2976000308990479,1.66584951877594,6313193.437830096,1.6549657805665328,3.232355040169009
standard_eager,torch_sdpa,float16,False,1,8,1024,64,2147483648.0,0.6797119975090027,0.7726656198501587,12052163.313317856,3.159402299606396,6.170707616418742
tiledattention,torch_sdpa,float16,False,1,8,1024,96,3221225472.0,0.14857600629329681,0.2166528046131134,55136762.68716338,21.680657276795635,42.345033743741475
torch_sdpa,torch_sdpa,float16,False,1,8,1024,96,3221225472.0,0.06697600334882736,0.08894080370664596,122312464.02288392,48.09521785322233,93.93597236957486
torch_sdpa_math,torch_sdpa,float16,False,1,8,1024,96,3221225472.0,1.4983999729156494,1.5039936542510985,5467165.074796193,2.1497767820510596,4.198782777443476
standard_eager,torch_sdpa,float16,False,1,8,1024,96,3221225472.0,0.6761279702186584,0.8545664072036743,12116049.565810336,4.764224546069677,9.305126066542337
tiledattention,torch_sdpa,float16,False,1,8,1024,128,4294967296.0,0.0875839963555336,0.09015039950609208,93533069.29208677,49.03826583300959,95.77786295509685
torch_sdpa,torch_sdpa,float16,False,1,8,1024,128,4294967296.0,0.09251199662685394,0.10899199694395065,88550677.73580043,46.42605772874734,90.67589400145964
torch_sdpa_math,torch_sdpa,float16,False,1,8,1024,128,4294967296.0,1.7631360292434692,1.769312047958374,4646266.575083855,2.435981810117564,4.757776972885867
standard_eager,torch_sdpa,float16,False,1,8,1024,128,4294967296.0,0.680895984172821,0.6837632298469544,12031206.22006893,6.307817046707499,12.319955169350584
tiledattention,torch_sdpa,float16,False,1,8,1024,160,5368709120.0,0.2901119887828827,0.29564801454544065,28237371.4866738,18.50564377750654,36.14383550294246
torch_sdpa,torch_sdpa,float16,False,1,8,1024,160,5368709120.0,0.11081600189208984,0.11454079747200012,73924341.79295863,48.44705663743337,94.62315749498704
torch_sdpa_math,torch_sdpa,float16,False,1,8,1024,160,5368709120.0,2.067199945449829,2.474886417388916,3962848.401786986,2.597092328595119,5.072445954287342
standard_eager,torch_sdpa,float16,False,1,8,1024,160,5368709120.0,0.6948800086975098,0.6989567875862122,11789085.737773877,7.7260952291074885,15.090029744350563
tiledattention,torch_sdpa,float16,False,1,8,2048,64,8589934592.0,0.18041600286960602,0.21795199811458588,90812343.35870628,47.6118218748494,46.495919799657614
torch_sdpa,torch_sdpa,float16,False,1,8,2048,64,8589934592.0,0.11724799871444702,0.11923839598894119,139737992.7985176,73.26295276834921,71.54585231284102
torch_sdpa_math,torch_sdpa,float16,False,1,8,2048,64,8589934592.0,5.880703926086426,6.292652893066406,2786061.023633859,1.4606983619589486,1.4264632441005358
standard_eager,torch_sdpa,float16,False,1,8,2048,64,8589934592.0,3.065119981765747,3.079769563674927,5345304.62020007,2.802479068715454,2.7367959655424356
tiledattention,torch_sdpa,float16,False,1,8,2048,96,12884901888.0,0.37113600969314575,0.37396480441093444,44145541.181914,34.71746624277499,33.903775627709955
torch_sdpa,torch_sdpa,float16,False,1,8,2048,96,12884901888.0,0.16220800578594208,0.1641984075307846,101006112.0017785,79.43443867378267,77.57269401736589
torch_sdpa_math,torch_sdpa,float16,False,1,8,2048,96,12884901888.0,6.0564799308776855,6.551641845703125,2705201.7321925946,2.1274572086516863,2.0775949303239125
standard_eager,torch_sdpa,float16,False,1,8,2048,96,12884901888.0,3.1194560527801514,3.1356350898742678,5252197.730241493,4.130496365389278,4.033687856825467
tiledattention,torch_sdpa,float16,False,1,8,2048,128,17179869184.0,0.28249600529670715,0.3100032091140747,57997280.29000549,60.81455617737279,59.38921501696562
torch_sdpa,torch_sdpa,float16,False,1,8,2048,128,17179869184.0,0.29417601227760315,0.40808960795402527,55694547.87679636,58.39996623445962,57.03121702583947
torch_sdpa_math,torch_sdpa,float16,False,1,8,2048,128,17179869184.0,6.87827205657959,7.571347427368164,2381993.597407573,2.4977013183952432,2.4391614437453546
standard_eager,torch_sdpa,float16,False,1,8,2048,128,17179869184.0,3.210207939147949,3.222163200378418,5103719.232701365,5.351637498149066,5.2262084942861975
tiledattention,torch_sdpa,float16,False,1,8,2048,160,21474836480.0,0.9281920194625854,0.9321024179458618,17651520.004972875,23.136200300918052,22.593945606365285
torch_sdpa,torch_sdpa,float16,False,1,8,2048,160,21474836480.0,0.29635199904441833,0.2985919892787933,55285606.484281905,72.46395013107798,70.76557629988085
torch_sdpa_math,torch_sdpa,float16,False,1,8,2048,160,21474836480.0,7.855103969573975,8.476000022888183,2085777.6120420457,2.73387043165575,2.6697953434138184
standard_eager,torch_sdpa,float16,False,1,8,2048,160,21474836480.0,3.2543680667877197,3.576512002944946,5034464.3456915775,6.598773107184864,6.444114362485219
tiledattention,torch_sdpa,float16,False,1,8,4096,64,34359738368.0,0.5882560014724731,0.5942976117134094,55703639.09246635,58.40949906502199,28.52026321534277
torch_sdpa,torch_sdpa,float16,False,1,8,4096,64,34359738368.0,0.41331198811531067,0.41543678641319276,79281513.5835305,83.13269238736407,40.592134954767616
torch_sdpa_math,torch_sdpa,float16,False,1,8,4096,64,34359738368.0,23.780479431152344,24.678970336914062,1377936.8954636818,1.4448715580977256,0.705503690477405
standard_eager,torch_sdpa,float16,False,1,8,4096,64,34359738368.0,11.557056427001953,13.066617393493653,2835324.046998742,2.973052747905753,1.4516859120633558
tiledattention,torch_sdpa,float16,False,1,8,4096,96,51539607552.0,1.2118719816207886,1.2163392543792724,27039159.661217052,42.5289208213805,20.7660746198147
torch_sdpa,torch_sdpa,float16,False,1,8,4096,96,51539607552.0,0.5894079804420471,0.6732479929924011,55594768.11872227,87.44300936228599,42.696781915178704
torch_sdpa_math,torch_sdpa,float16,False,1,8,4096,96,51539607552.0,24.495487213134766,25.056205368041994,1337715.7888261727,2.1040450064762894,1.0273657258185007
standard_eager,torch_sdpa,float16,False,1,8,4096,96,51539607552.0,12.156864166259766,12.49989128112793,2695431.942963096,4.239547867536707,2.0700917321956576
tiledattention,torch_sdpa,float16,False,1,8,4096,128,68719476736.0,1.0694080591201782,1.3542527914047242,30641250.288462237,64.25935932494916,31.37664029538533
torch_sdpa,torch_sdpa,float16,False,1,8,4096,128,68719476736.0,0.8770880103111267,1.2012287378311157,37359990.80454458,78.34957943573228,38.256630583853656
torch_sdpa_math,torch_sdpa,float16,False,1,8,4096,128,68719476736.0,27.838815689086914,28.93696746826172,1177061.5663383042,2.4684770179695072,1.2053110439304235
standard_eager,torch_sdpa,float16,False,1,8,4096,128,68719476736.0,12.509440422058105,12.971245193481446,2619461.6940834248,5.493409330670443,2.682328774741427
tiledattention,torch_sdpa,float16,False,1,8,4096,160,85899345920.0,3.019360065460205,3.591577672958374,10852630.785856793,28.44952044727643,13.891367405896695
torch_sdpa,torch_sdpa,float16,False,1,8,4096,160,85899345920.0,1.159999966621399,1.5326656579971314,28248276.67490341,74.05116240665879,36.157794143876366
torch_sdpa_math,torch_sdpa,float16,False,1,8,4096,160,85899345920.0,31.45734405517578,32.673515701293944,1041664.5455676534,2.730661106332869,1.3333306183265963
standard_eager,torch_sdpa,float16,False,1,8,4096,160,85899345920.0,12.2291841506958,13.238918495178222,2679491.9101889236,7.024127273045653,3.4297496450418223
tiledattention,torch_sdpa,float16,False,1,8,8192,64,137438953472.0,2.255392074584961,2.4855807781219483,29057475.522104062,60.937942906131575,14.877427467317279
torch_sdpa,torch_sdpa,float16,False,1,8,8192,64,137438953472.0,1.4710400104522705,1.679270362854004,44550793.67953493,93.42978606662403,22.810006363921882
torch_sdpa_math,torch_sdpa,float16,False,1,8,8192,64,137438953472.0,95.06543731689453,99.39484100341797,689377.7786088539,1.4457299871651152,0.3529614226477332
standard_eager,torch_sdpa,float16,False,1,8,8192,64,137438953472.0,46.31769561767578,47.367506408691405,1414923.586461631,2.9673098291951825,0.7244408762683552
tiledattention,torch_sdpa,float16,False,1,8,8192,96,206158430208.0,4.375328063964844,5.396543788909912,14978533.961773934,47.118393682503196,11.503514082642381
torch_sdpa,torch_sdpa,float16,False,1,8,8192,96,206158430208.0,2.1227519512176514,3.1515712261199953,30873131.437899414,97.11847401188045,23.71056494430675
torch_sdpa_math,torch_sdpa,float16,False,1,8,8192,96,206158430208.0,98.41216278076172,101.88196411132813,665933.9470670735,2.094847063439411,0.5114372713475125
standard_eager,torch_sdpa,float16,False,1,8,8192,96,206158430208.0,47.98828887939453,48.9155776977539,1365666.530946891,4.296015445062501,1.0488318957672123
tiledattention,torch_sdpa,float16,False,1,8,8192,128,274877906944.0,3.7495040893554688,5.421644878387451,17478578.083446093,73.31046996971028,17.898063957448798
torch_sdpa,torch_sdpa,float16,False,1,8,8192,128,274877906944.0,3.1383678913116455,3.60598406791687,20882191.721828368,87.58626026763162,21.38336432315225
torch_sdpa_math,torch_sdpa,float16,False,1,8,8192,128,274877906944.0,111.62464141845703,115.17644653320312,587110.5086404666,2.4625199548327434,0.6012011608478378
standard_eager,torch_sdpa,float16,False,1,8,8192,128,274877906944.0,49.29670333862305,51.09590301513672,1329419.526288156,5.575989636788518,1.3613255949190717
tiledattention,torch_sdpa,float16,False,1,8,8192,160,343597383680.0,11.411935806274414,11.998893356323242,5742759.257720986,30.108597657120207,7.350731849882863
torch_sdpa,torch_sdpa,float16,False,1,8,8192,160,343597383680.0,4.262271881103516,4.908076763153076,15375837.541136049,80.61367112767138,19.681072052654144
torch_sdpa_math,torch_sdpa,float16,False,1,8,8192,160,343597383680.0,125.10393524169922,129.33623199462892,523852.4261717689,2.7464954081274437,0.6705311054998642
standard_eager,torch_sdpa,float16,False,1,8,8192,160,343597383680.0,49.77724838256836,52.8023796081543,1316585.4306834333,6.902699422821558,1.6852293512747947
tiledattention,torch_sdpa,bfloat16,False,1,8,512,64,536870912.0,0.03340800106525421,0.037772801518440244,122605360.07525514,16.070129755783842,62.773944358530635
torch_sdpa,torch_sdpa,bfloat16,False,1,8,512,64,536870912.0,0.02127999998629093,0.02293120101094246,192481203.13151965,25.228896256854544,98.55037600333806
torch_sdpa_math,torch_sdpa,bfloat16,False,1,8,512,64,536870912.0,0.2756800055503845,0.285292786359787,14857805.852921737,1.947442328754158,7.607196596695929
standard_eager,torch_sdpa,bfloat16,False,1,8,512,64,536870912.0,0.1769919991493225,0.1815167933702469,23142289.028242093,3.0333061075097474,11.848851982459951
tiledattention,torch_sdpa,bfloat16,False,1,8,512,96,805306368.0,0.06601600348949432,0.07608960419893265,62045561.431961425,12.198653742015072,47.65099117974638
torch_sdpa,torch_sdpa,bfloat16,False,1,8,512,96,805306368.0,0.042208001017570496,0.04376320093870163,97043212.21691836,19.079471867543887,74.5291869825933
torch_sdpa_math,torch_sdpa,bfloat16,False,1,8,512,96,805306368.0,0.32041600346565247,0.32583680748939514,12783381.46564854,2.513315063198228,9.817636965618078
standard_eager,torch_sdpa,bfloat16,False,1,8,512,96,805306368.0,0.18358400464057922,0.190009605884552,22311311.968704186,4.386582423542992,17.135087591964815
tiledattention,torch_sdpa,bfloat16,False,1,8,512,128,1073741824.0,0.0435199998319149,0.043750401586294174,94117647.42232937,24.67237656587911,96.37647096046527
torch_sdpa,torch_sdpa,bfloat16,False,1,8,512,128,1073741824.0,0.05276799947023392,0.0544575996696949,77622802.47729549,20.34835193260815,79.48574973675058
torch_sdpa_math,torch_sdpa,bfloat16,False,1,8,512,128,1073741824.0,0.36716800928115845,0.37232000231742857,11155655.984352093,2.924388282361995,11.423391727976544
standard_eager,torch_sdpa,bfloat16,False,1,8,512,128,1073741824.0,0.191103994846344,0.19291519224643708,21433356.237756114,5.618625737590339,21.94775678746226
tiledattention,torch_sdpa,bfloat16,False,1,8,512,160,1342177280.0,0.12249600142240524,0.12505599707365037,33437826.15299978,10.956906873814969,42.80041747583972
torch_sdpa,torch_sdpa,bfloat16,False,1,8,512,160,1342177280.0,0.053599998354911804,0.054611197859048846,76417912.79317549,25.040621664067746,97.81492837526463
torch_sdpa_math,torch_sdpa,bfloat16,False,1,8,512,160,1342177280.0,0.48447999358177185,0.48991358280181885,8454425.475277476,2.7703461397389235,10.821664608355169
standard_eager,torch_sdpa,bfloat16,False,1,8,512,160,1342177280.0,0.1977279931306839,0.20049280524253846,20715326.824223824,6.787998293761663,26.515618335006497
tiledattention,torch_sdpa,bfloat16,False,1,8,1024,64,2147483648.0,0.06195199862122536,0.06326399594545365,132231407.90155785,34.66367019294598,67.70248084559762
torch_sdpa,torch_sdpa,bfloat16,False,1,8,1024,64,2147483648.0,0.04569600149989128,0.04673920199275017,179271702.7991933,46.99500125859173,91.78711183318697
torch_sdpa_math,torch_sdpa,bfloat16,False,1,8,1024,64,2147483648.0,1.4827519655227661,1.655302381515503,5524862.006918189,1.4483094259415619,2.828729347542113
standard_eager,torch_sdpa,bfloat16,False,1,8,1024,64,2147483648.0,0.9531840085983276,0.9613632321357727,8594353.163820349,2.2529581157765213,4.4003088198760185
tiledattention,torch_sdpa,bfloat16,False,1,8,1024,96,3221225472.0,0.12121599912643433,0.12220799922943115,67581837.8682449,26.57425995919979,51.90285148281209
torch_sdpa,torch_sdpa,bfloat16,False,1,8,1024,96,3221225472.0,0.06224000081419945,0.06407040357589722,131619535.55326876,51.754907292114126,101.0838033049104
torch_sdpa_math,torch_sdpa,bfloat16,False,1,8,1024,96,3221225472.0,1.5841599702835083,1.598028874397278,5171194.925809117,2.0333965839469577,3.9714777030214017
standard_eager,torch_sdpa,bfloat16,False,1,8,1024,96,3221225472.0,1.0030720233917236,1.236307191848755,8166911.058191109,3.2113600986576754,6.272187692690772
tiledattention,torch_sdpa,bfloat16,False,1,8,1024,128,4294967296.0,0.09283199906349182,0.0953984022140503,88245433.49968298,46.26602183868179,90.36332390367537
torch_sdpa,torch_sdpa,bfloat16,False,1,8,1024,128,4294967296.0,0.08851200342178345,0.08883839845657349,92552418.69244471,48.52412249142445,94.77367674106338
torch_sdpa_math,torch_sdpa,bfloat16,False,1,8,1024,128,4294967296.0,1.7918399572372437,2.096614408493042,4571836.88024843,2.396959214271689,4.681560965374392
standard_eager,torch_sdpa,bfloat16,False,1,8,1024,128,4294967296.0,1.0250240564346313,1.2464320182800293,7992007.55199293,4.190113655419269,8.18381573324076
tiledattention,torch_sdpa,bfloat16,False,1,8,1024,160,5368709120.0,0.34112000465393066,0.3661055862903595,24015009.053224124,15.73847633312096,30.739211588126878
torch_sdpa,torch_sdpa,bfloat16,False,1,8,1024,160,5368709120.0,0.10915199667215347,0.12290559560060502,75051306.89093404,49.18562448404252,96.06567282039555
torch_sdpa_math,torch_sdpa,bfloat16,False,1,8,1024,160,5368709120.0,2.0836799144744873,2.087904119491577,3931505.9588056053,2.5765517451628415,5.032327627271174
standard_eager,torch_sdpa,bfloat16,False,1,8,1024,160,5368709120.0,0.9904959797859192,0.9994943857192993,8270603.987479664,5.4202230292346725,10.58637310397397
tiledattention,torch_sdpa,bfloat16,False,1,8,2048,64,8589934592.0,0.18409599363803864,0.18616320192813873,88997048.09553592,46.66008435191234,45.56648862491439
torch_sdpa,torch_sdpa,bfloat16,False,1,8,2048,64,8589934592.0,0.11542399972677231,0.11750400066375732,141946216.02772072,74.42069770874164,72.67646260619301
torch_sdpa_math,torch_sdpa,bfloat16,False,1,8,2048,64,8589934592.0,6.16761589050293,6.544160175323486,2656455.9614078025,1.392747983094574,1.360105452240795
standard_eager,torch_sdpa,bfloat16,False,1,8,2048,64,8589934592.0,4.234015941619873,4.94518404006958,3869612.2607728583,2.0287912729760804,1.9812414775157035
tiledattention,torch_sdpa,bfloat16,False,1,8,2048,96,12884901888.0,0.3916800022125244,0.3935744106769562,41830065.12318719,32.896501774958345,32.12549001460776
torch_sdpa,torch_sdpa,bfloat16,False,1,8,2048,96,12884901888.0,0.16124799847602844,0.16282239258289338,101607462.75827844,79.90736015191844,78.03453139835784
torch_sdpa_math,torch_sdpa,bfloat16,False,1,8,2048,96,12884901888.0,6.256095886230469,6.981145763397217,2618885.6913240138,2.0595755119993266,2.0113042109368426
standard_eager,torch_sdpa,bfloat16,False,1,8,2048,96,12884901888.0,4.167391777038574,4.55826587677002,3931475.8190656058,3.0918383913394023,3.019373429042385
tiledattention,torch_sdpa,bfloat16,False,1,8,2048,128,17179869184.0,0.28326401114463806,0.2856831908226013,57840033.87438487,60.64967135986699,59.22819468737011
torch_sdpa,torch_sdpa,bfloat16,False,1,8,2048,128,17179869184.0,0.22832000255584717,0.22919040322303771,71758934.02503124,75.24469600423116,73.48114844163199
torch_sdpa_math,torch_sdpa,bfloat16,False,1,8,2048,128,17179869184.0,6.911359786987305,7.6413825988769535,2370589.9424955077,2.485743719542169,2.4274841011154
standard_eager,torch_sdpa,bfloat16,False,1,8,2048,128,17179869184.0,4.1473917961120605,4.786489582061767,3950434.5876748497,4.142330898205743,4.045245017779046
tiledattention,torch_sdpa,bfloat16,False,1,8,2048,160,21474836480.0,1.115839958190918,1.3656383752822876,14683109.239574958,19.245444942495688,18.794379826655945
torch_sdpa,torch_sdpa,bfloat16,False,1,8,2048,160,21474836480.0,0.295199990272522,0.2994495928287506,55501356.8424398,72.7467384405227,71.04173675832295
torch_sdpa_math,torch_sdpa,bfloat16,False,1,8,2048,160,21474836480.0,7.877280235290527,8.561893844604493,2079905.6921447369,2.72617398880795,2.6622792859452633
standard_eager,torch_sdpa,bfloat16,False,1,8,2048,160,21474836480.0,4.3163838386535645,4.696946907043457,3795769.9343788573,4.9751915683890555,4.858585516004937
tiledattention,torch_sdpa,bfloat16,False,1,8,4096,64,34359738368.0,0.6076800227165222,0.6094720125198364,53923115.41445226,56.5424846688247,27.60863509219956
torch_sdpa,torch_sdpa,bfloat16,False,1,8,4096,64,34359738368.0,0.4103359878063202,0.41249920129776,79856510.2105219,83.73562005050822,40.88653322778722
torch_sdpa_math,torch_sdpa,bfloat16,False,1,8,4096,64,34359738368.0,23.638336181640625,24.279717254638673,1386222.7759265976,1.453559933490008,0.709746061274418
standard_eager,torch_sdpa,bfloat16,False,1,8,4096,64,34359738368.0,16.41651153564453,17.929566955566408,1996039.1663510315,2.0929987648956994,1.0219720531717282
tiledattention,torch_sdpa,bfloat16,False,1,8,4096,96,51539607552.0,1.2940160036087036,1.591526412963867,25322716.186366957,39.829188671753876,19.44784603112982
torch_sdpa,torch_sdpa,bfloat16,False,1,8,4096,96,51539607552.0,0.5840640068054199,0.5851328253746033,56103440.06511705,88.24308115458028,43.087441970009905
torch_sdpa_math,torch_sdpa,bfloat16,False,1,8,4096,96,51539607552.0,24.851327896118164,25.26942024230957,1318561.331489994,2.073917650092678,1.0126551025843153
standard_eager,torch_sdpa,bfloat16,False,1,8,4096,96,51539607552.0,16.618303298950195,17.381050491333006,1971801.778468564,3.1013760324891795,1.5143437658638572
tiledattention,torch_sdpa,bfloat16,False,1,8,4096,128,68719476736.0,0.9640960097312927,0.9670592308044433,33988316.1731298,71.2786652391115,34.804035761284915
torch_sdpa,torch_sdpa,bfloat16,False,1,8,4096,128,68719476736.0,0.8791999816894531,1.2679872512817383,37270246.45409303,78.1613718916941,38.16473236899127
torch_sdpa_math,torch_sdpa,bfloat16,False,1,8,4096,128,68719476736.0,27.903648376464844,28.6274356842041,1174326.724516711,2.4627416389736694,1.202510565905112
standard_eager,torch_sdpa,bfloat16,False,1,8,4096,128,68719476736.0,16.23855972290039,16.97505302429199,2017912.9528211176,4.231870184834713,2.0663428636888246
tiledattention,torch_sdpa,bfloat16,False,1,8,4096,160,85899345920.0,3.7390079498291016,4.325625610351563,8763821.965529045,22.973833453316455,11.217692115877176
torch_sdpa,torch_sdpa,bfloat16,False,1,8,4096,160,85899345920.0,1.1582080125808716,1.6948352813720704,28291981.7891624,74.16573274138189,36.213736690127874
torch_sdpa_math,torch_sdpa,bfloat16,False,1,8,4096,160,85899345920.0,31.177888870239258,32.39724273681641,1051001.2443876076,2.75513670208745,1.3452815928161377
standard_eager,torch_sdpa,bfloat16,False,1,8,4096,160,85899345920.0,17.386016845703125,18.226726150512697,1884733.017965438,4.940714522615318,2.4124582629957607
tiledattention,torch_sdpa,bfloat16,False,1,8,8192,64,137438953472.0,2.340384006500244,2.5685567378997805,28002242.289290387,58.724958421469914,14.337148052116678
torch_sdpa,torch_sdpa,bfloat16,False,1,8,8192,64,137438953472.0,1.5745279788970947,2.0335678815841676,41622632.86417166,87.28898775636333,21.310788026455892
torch_sdpa_math,torch_sdpa,bfloat16,False,1,8,8192,64,137438953472.0,95.42166137695312,98.62652282714843,686804.2230066295,1.440332849886799,0.3516437621793943
standard_eager,torch_sdpa,bfloat16,False,1,8,8192,64,137438953472.0,64.63731384277344,67.83311462402344,1013903.5195585721,2.1263097938492987,0.519118602013989
tiledattention,torch_sdpa,bfloat16,False,1,8,8192,96,206158430208.0,4.679264068603516,5.481824016571045,14005621.191530365,44.05787473959043,10.75631707509532
torch_sdpa,torch_sdpa,bfloat16,False,1,8,8192,96,206158430208.0,2.096992015838623,2.8838528633117675,31252384.131653942,98.3114998296995,24.00183101311023
torch_sdpa_math,torch_sdpa,bfloat16,False,1,8,8192,96,206158430208.0,98.768798828125,102.38485717773438,663529.3815210217,2.0872829542733604,0.5095905650081447
standard_eager,torch_sdpa,bfloat16,False,1,8,8192,96,206158430208.0,65.22188568115234,67.95596313476562,1004816.0876608697,3.1608781018052525,0.7716987553235479
tiledattention,torch_sdpa,bfloat16,False,1,8,8192,128,274877906944.0,3.773535966873169,4.578048133850098,17367265.232217863,72.84359003255231,17.78407959779109
torch_sdpa,torch_sdpa,bfloat16,False,1,8,8192,128,274877906944.0,3.09500789642334,3.7456704139709474,21174744.03723973,88.81331361437076,21.682937894133484
torch_sdpa_math,torch_sdpa,bfloat16,False,1,8,8192,128,274877906944.0,111.8314208984375,115.75411987304688,586024.9246007359,2.457966685352565,0.6000895227911536
standard_eager,torch_sdpa,bfloat16,False,1,8,8192,128,274877906944.0,65.71347045898438,68.63693695068359,997299.3290759899,4.1829765651407405,1.0212345129738136
tiledattention,torch_sdpa,bfloat16,False,1,8,8192,160,343597383680.0,14.171487808227539,15.831424140930176,4624496.798561389,24.245681775241533,5.919355902158577
torch_sdpa,torch_sdpa,bfloat16,False,1,8,8192,160,343597383680.0,4.207136154174805,4.98696928024292,15577342.305636492,81.67013642737545,19.93899815121471
torch_sdpa_math,torch_sdpa,bfloat16,False,1,8,8192,160,343597383680.0,125.51126098632812,130.95697631835938,522152.3509921457,2.737582117969701,0.6683550092699465
standard_eager,torch_sdpa,bfloat16,False,1,8,8192,160,343597383680.0,69.09270477294922,72.22032775878907,948522.7161878062,4.972990778246726,1.214109076720392
tiledattention,torch_sdpa,float16,True,1,8,512,64,268959744.0,0.02921600081026554,0.030809599533677103,140197148.3571701,9.20590554972522,71.78093995887109
torch_sdpa,torch_sdpa,float16,True,1,8,512,64,268959744.0,0.02035200037062168,0.022329600527882576,201257857.9701982,13.215395985755096,103.04402328074148
torch_sdpa_math,torch_sdpa,float16,True,1,8,512,64,268959744.0,0.32572799921035767,0.32782721519470215,12574909.157117842,0.8257188348929859,6.438353488444335
standard_eager,torch_sdpa,float16,True,1,8,512,64,268959744.0,0.15087999403476715,0.15961599349975586,27147402.982108828,1.782607069417194,13.89947032683972
tiledattention,torch_sdpa,float16,True,1,8,512,96,403439616.0,0.0560000017285347,0.06995840296149254,73142854.88517924,7.204278634770614,56.17371255181766
torch_sdpa,torch_sdpa,float16,True,1,8,512,96,403439616.0,0.03436800092458725,0.03566079959273338,119180629.9408493,11.738815326653894,91.53072379457227
torch_sdpa_math,torch_sdpa,float16,True,1,8,512,96,403439616.0,0.3708159923553467,0.37310720086097715,11045909.789335279,1.0879779306103676,8.483258718209495
standard_eager,torch_sdpa,float16,True,1,8,512,96,403439616.0,0.1542080044746399,0.15596160292625427,26561526.517085586,2.6162041158268616,20.399252365121725
tiledattention,torch_sdpa,float16,True,1,8,512,128,537919488.0,0.033376000821590424,0.046508798748254775,122722911.64825118,16.116954540941528,125.66826152780921
torch_sdpa,torch_sdpa,float16,True,1,8,512,128,537919488.0,0.04495999962091446,0.046988798677921294,91103203.6151225,11.964401524366806,93.28968050188544
torch_sdpa_math,torch_sdpa,float16,True,1,8,512,128,537919488.0,0.4241600036621094,0.4280703842639923,9656733.22481136,1.2681994609480263,9.888494822206832
standard_eager,torch_sdpa,float16,True,1,8,512,128,537919488.0,0.15756799280643463,0.16026240587234497,25995127.1006654,3.4138880518761856,26.619010151081373
tiledattention,torch_sdpa,float16,True,1,8,512,160,672399360.0,0.0896959975361824,0.09381759762763978,45665359.79877717,7.4964254645672606,58.45166054243477
torch_sdpa,torch_sdpa,float16,True,1,8,512,160,672399360.0,0.045184001326560974,0.046335998177528384,90651555.41220751,14.881359336467986,116.03399092762562
torch_sdpa_math,torch_sdpa,float16,True,1,8,512,160,672399360.0,0.5375679731369019,0.5486080169677734,7619501.541541568,1.2508173730594638,9.752961973173207
standard_eager,torch_sdpa,float16,True,1,8,512,160,672399360.0,0.16035200655460358,0.1646016001701355,25543802.587872308,4.193270632825119,32.69606731247656
tiledattention,torch_sdpa,float16,True,1,8,1024,64,1074790400.0,0.04758400097489357,0.04855040013790131,172158705.2825232,22.587222133067048,88.14525710465189
torch_sdpa,torch_sdpa,float16,True,1,8,1024,64,1074790400.0,0.04383999854326248,0.04666880071163178,186861320.07773486,24.51620519419881,95.67299587980025
torch_sdpa_math,torch_sdpa,float16,True,1,8,1024,64,1074790400.0,1.8018879890441895,2.158969593048096,4546342.530617257,0.596480140016984,2.3277273756760355
standard_eager,torch_sdpa,float16,True,1,8,1024,64,1074790400.0,0.757311999797821,0.7642303943634033,10817206.121370072,1.4192174431237534,5.5384095341414765
tiledattention,torch_sdpa,float16,True,1,8,1024,96,1612185600.0,0.09344000369310379,0.10216960161924363,87671229.41161227,17.253697948205296,67.33150418811822
torch_sdpa,torch_sdpa,float16,True,1,8,1024,96,1612185600.0,0.061055999249219894,0.06202879846096039,134171909.40666929,26.405031771232515,103.04402642432201
torch_sdpa_math,torch_sdpa,float16,True,1,8,1024,96,1612185600.0,1.9392319917678833,2.2158719539642333,4224352.751385788,0.8313526214727232,3.2443029130642853
standard_eager,torch_sdpa,float16,True,1,8,1024,96,1612185600.0,0.7806079983711243,0.8649535655975342,10494383.886783183,2.0652947489189306,8.059686825049486
tiledattention,torch_sdpa,float16,True,1,8,1024,128,2149580800.0,0.06384000182151794,0.07425920367240905,128320798.34369305,33.67137748538506,131.4004975039417
torch_sdpa,torch_sdpa,float16,True,1,8,1024,128,2149580800.0,0.0629120022058487,0.06399360299110413,130213627.17396426,34.16805577044822,133.3387542261394
torch_sdpa_math,torch_sdpa,float16,True,1,8,1024,128,2149580800.0,2.1302719116210938,2.5414849281311036,3845518.478327048,1.0090640487130174,3.9378109218068973
standard_eager,torch_sdpa,float16,True,1,8,1024,128,2149580800.0,0.7930240035057068,0.7980672240257263,10330078.236958496,2.7106125293779093,10.5780001146455
tiledattention,torch_sdpa,float16,True,1,8,1024,160,2686976000.0,0.22550399601459503,0.23003520667552949,36327515.89674623,11.915425214132766,46.499220347835184
torch_sdpa,torch_sdpa,float16,True,1,8,1024,160,2686976000.0,0.08156800270080566,0.3425855919718742,100431538.45569259,32.941544613467165,128.5523692232865
torch_sdpa_math,torch_sdpa,float16,True,1,8,1024,160,2686976000.0,2.451296091079712,2.4578816413879396,3341905.5453197844,1.0961450188648894,4.277639098009324
standard_eager,torch_sdpa,float16,True,1,8,1024,160,2686976000.0,0.8052160143852234,0.814790415763855,10173667.504929759,3.336962941616961,13.022294406310092
tiledattention,torch_sdpa,float16,True,1,8,2048,64,4297064448.0,0.11241599917411804,0.11816959977149963,145744379.0952147,38.22466979406015,74.62112209674993
torch_sdpa,torch_sdpa,float16,True,1,8,2048,64,4297064448.0,0.08233600109815598,0.08462720364332199,198989503.7587263,52.18937512980867,101.88262592446786
torch_sdpa_math,torch_sdpa,float16,True,1,8,2048,64,4297064448.0,7.962592124938965,8.343737602233887,2057621.4055577521,0.5396564812784428,1.0535021596455691
standard_eager,torch_sdpa,float16,True,1,8,2048,64,4297064448.0,3.8099520206451416,3.827039909362793,4300316.621106869,1.1278526408509404,2.2017621100067166
tiledattention,torch_sdpa,float16,True,1,8,2048,96,6445596672.0,0.26473599672317505,0.26826239824295045,61888070.3901108,24.347261996032707,47.5300380596051
torch_sdpa,torch_sdpa,float16,True,1,8,2048,96,6445596672.0,0.11321599781513214,0.12466559559106827,144714530.7746443,56.93185412299126,111.14075963492682
torch_sdpa_math,torch_sdpa,float16,True,1,8,2048,96,6445596672.0,8.117088317871094,8.82243824005127,2018457.7718500304,0.7940774351079768,1.5501755687808234
standard_eager,torch_sdpa,float16,True,1,8,2048,96,6445596672.0,3.8514881134033203,4.48957462310791,4253940.170030144,1.673534094411219,3.267026050583151
tiledattention,torch_sdpa,float16,True,1,8,2048,128,8594128896.0,0.16659200191497803,0.20030719339847564,98348058.80033633,51.58788415536362,100.7084122115444
torch_sdpa,torch_sdpa,float16,True,1,8,2048,128,8594128896.0,0.1722240000963211,0.20974080562591552,95131921.16567254,49.90087845592654,97.41508727364868
torch_sdpa_math,torch_sdpa,float16,True,1,8,2048,128,8594128896.0,8.7510404586792,9.280978775024414,1872234.516268349,0.9820693821014649,1.9171681446587894
standard_eager,torch_sdpa,float16,True,1,8,2048,128,8594128896.0,3.8811519145965576,3.895788860321045,4221427.133110069,2.214324274110088,4.32274138430471
tiledattention,torch_sdpa,float16,True,1,8,2048,160,10742661120.0,0.6384320259094238,0.6427200198173523,25662872.999927554,16.826632568592498,32.84847743990727
torch_sdpa,torch_sdpa,float16,True,1,8,2048,160,10742661120.0,0.21356800198554993,0.2147327959537506,76715612.11266351,50.30089255003121,98.19598350420931
torch_sdpa_math,torch_sdpa,float16,True,1,8,2048,160,10742661120.0,9.71673583984375,10.449990272521973,1686162.9532848822,1.1055833252098315,2.1582885802046494
standard_eager,torch_sdpa,float16,True,1,8,2048,160,10742661120.0,3.921855926513672,3.9374911785125732,4177613.9427346415,2.73917790997225,5.347345846700342
tiledattention,torch_sdpa,float16,True,1,8,4096,64,17184063488.0,0.3456000089645386,0.3465536117553711,94814812.35540786,49.72240463617357,48.54518392596883
torch_sdpa,torch_sdpa,float16,True,1,8,4096,64,17184063488.0,0.26182401180267334,0.2746495842933655,125152768.74107322,65.63211437211865,64.07821759542949
torch_sdpa_math,torch_sdpa,float16,True,1,8,4096,64,17184063488.0,31.440704345703125,33.831635284423825,1042215.8371422831,0.5465546604508075,0.5336145086168489
standard_eager,torch_sdpa,float16,True,1,8,4096,64,17184063488.0,14.200096130371094,15.591558647155761,2307590.012008156,1.2101371237372691,1.181486086148176
tiledattention,torch_sdpa,float16,True,1,8,4096,96,25776095232.0,0.7793920040130615,0.7885056257247924,42043028.19541225,33.07205501118796,32.2890456540766
torch_sdpa,torch_sdpa,float16,True,1,8,4096,96,25776095232.0,0.3814080059528351,0.4381824016571045,85913246.41479102,67.58142154778857,65.9813732465595
torch_sdpa_math,torch_sdpa,float16,True,1,8,4096,96,25776095232.0,31.27827262878418,34.89964294433594,1047628.1855106308,0.8240894737991145,0.8045784464721645
standard_eager,torch_sdpa,float16,True,1,8,4096,96,25776095232.0,14.480480194091797,15.27335090637207,2262908.381544538,1.7800580427240904,1.7379136370262047
tiledattention,torch_sdpa,float16,True,1,8,4096,128,34368126976.0,0.5431360006332397,0.911296033859253,60331114.05208998,63.27720301348163,61.77906078934014
torch_sdpa,torch_sdpa,float16,True,1,8,4096,128,34368126976.0,0.4861760139465332,0.4880703866481781,67399458.34432636,70.69070869419652,69.0170453445902
torch_sdpa_math,torch_sdpa,float16,True,1,8,4096,128,34368126976.0,35.46480178833008,38.07333908081055,923958.3572347081,0.9690770917351935,0.9461333578083412
standard_eager,torch_sdpa,float16,True,1,8,4096,128,34368126976.0,14.748831748962402,15.562131118774413,2221735.291156553,2.33022706889431,2.2750569381443104
tiledattention,torch_sdpa,float16,True,1,8,4096,160,42960158720.0,1.95305597782135,2.0731455802917482,16777808.916953303,21.99637860248246,21.475595413700226
torch_sdpa,torch_sdpa,float16,True,1,8,4096,160,42960158720.0,0.6731200218200684,0.6745791673660279,48680768.56694542,63.82243482200813,62.31138376569014
torch_sdpa_math,torch_sdpa,float16,True,1,8,4096,160,42960158720.0,39.29228973388672,42.88808135986328,833954.9622057277,1.0933483136501974,1.0674623516233315
standard_eager,torch_sdpa,float16,True,1,8,4096,160,42960158720.0,15.248031616210938,16.109074783325195,2148998.692077915,2.8174232452618297,2.750718325859731
tiledattention,torch_sdpa,float16,True,1,8,8192,64,68727865344.0,1.2284159660339355,1.2316160202026367,53350006.685104854,55.9483654106962,27.315203422773685
torch_sdpa,torch_sdpa,float16,True,1,8,8192,64,68727865344.0,0.8710399866104126,0.972812831401825,75238796.16024113,78.90322648842951,38.522263634043455
torch_sdpa_math,torch_sdpa,float16,True,1,8,8192,64,68727865344.0,124.87532806396484,128.41700592041016,524811.4340603015,0.5503718501447744,0.2687034542388744
standard_eager,torch_sdpa,float16,True,1,8,8192,64,68727865344.0,57.02582550048828,60.32467803955078,1149233.6923634512,1.2052059701163207,0.588407650490087
tiledattention,torch_sdpa,float16,True,1,8,8192,96,103091798016.0,2.6258559226989746,3.066310405731201,24957957.30202863,39.26026448169995,19.167711207957986
torch_sdpa,torch_sdpa,float16,True,1,8,8192,96,103091798016.0,1.2517759799957275,1.4604031801223756,52354415.68404571,82.3564277182822,40.20819124534711
torch_sdpa_math,torch_sdpa,float16,True,1,8,8192,96,103091798016.0,127.3727035522461,130.84542541503907,514521.543252933,0.8093712007432857,0.39515254521825255
standard_eager,torch_sdpa,float16,True,1,8,8192,96,103091798016.0,58.47398376464844,62.915872192382814,1120771.936178924,1.7630370188378734,0.8607528469854137
tiledattention,torch_sdpa,float16,True,1,8,8192,128,137455730688.0,2.0709760189056396,2.4183871269226076,31644982.559784066,66.37243958075157,32.404462141218886
torch_sdpa,torch_sdpa,float16,True,1,8,8192,128,137455730688.0,1.6942720413208008,1.8642239332199098,38680919.239457086,81.12966946019122,39.60926130120406
torch_sdpa_math,torch_sdpa,float16,True,1,8,8192,128,137455730688.0,140.5738525390625,142.9783966064453,466203.34305619844,0.977818621352815,0.4773922232895472
standard_eager,torch_sdpa,float16,True,1,8,8192,128,137455730688.0,59.17484664916992,63.05372695922851,1107497.5891115267,2.322874303383229,1.1340775312502034
tiledattention,torch_sdpa,float16,True,1,8,8192,160,171819663360.0,6.904672145843506,9.183596324920654,9491544.075622989,24.884550595705328,12.149176416797426
torch_sdpa,torch_sdpa,float16,True,1,8,8192,160,171819663360.0,2.307391881942749,2.6615615844726563,28402630.915395617,74.4648816287476,36.35536757170639
torch_sdpa_math,torch_sdpa,float16,True,1,8,8192,160,171819663360.0,154.16412353515625,158.83388671875,425105.3909118803,1.1145243096771313,0.5441349003672068
standard_eager,torch_sdpa,float16,True,1,8,8192,160,171819663360.0,60.52646255493164,66.12303619384765,1082766.0701386917,2.8387527720468158,1.385940569777525
tiledattention,torch_sdpa,bfloat16,True,1,8,512,64,268959744.0,0.029311999678611755,0.03906560093164444,139737992.7985176,9.175755559121859,71.54585231284102
torch_sdpa,torch_sdpa,bfloat16,True,1,8,512,64,268959744.0,0.021183999255299568,0.02677120119333267,193353481.11737257,12.696362984091152,98.99698233209476
torch_sdpa_math,torch_sdpa,bfloat16,True,1,8,512,64,268959744.0,0.326911985874176,0.3435903966426849,12529366.24225364,0.822728304931343,6.415035516033864
standard_eager,torch_sdpa,bfloat16,True,1,8,512,64,268959744.0,0.20214399695396423,0.20665600001811982,20262783.271930713,1.3305354007680583,10.374545035228525
tiledattention,torch_sdpa,bfloat16,True,1,8,512,96,403439616.0,0.05660799890756607,0.06017279922962189,72357265.38732214,7.126901211589682,55.57037981746341
torch_sdpa,torch_sdpa,bfloat16,True,1,8,512,96,403439616.0,0.03433600068092346,0.03687680065631867,119291703.13290659,11.749755591778767,91.61602800607226
torch_sdpa_math,torch_sdpa,bfloat16,True,1,8,512,96,403439616.0,0.36976000666618347,0.374323183298111,11077455.447197236,1.0910850517271389,8.507485783447477
standard_eager,torch_sdpa,bfloat16,True,1,8,512,96,403439616.0,0.21091200411319733,0.2132671982049942,19420421.408549417,1.9128338270564833,14.91488364176595
tiledattention,torch_sdpa,bfloat16,True,1,8,512,128,537919488.0,0.03440000116825104,0.03548160120844841,119069763.39815772,15.637193887553256,121.9274377197135
torch_sdpa,torch_sdpa,bfloat16,True,1,8,512,128,537919488.0,0.04572800174355507,0.049606398493051526,89573124.64626323,11.763459313544457,91.72287963777354
torch_sdpa_math,torch_sdpa,bfloat16,True,1,8,512,128,537919488.0,0.42364799976348877,0.7597568333148956,9668403.96340048,1.269732155705458,9.900445658522091
standard_eager,torch_sdpa,bfloat16,True,1,8,512,128,537919488.0,0.2237119972705841,0.454585599899292,18309254.979498513,2.4045178379475804,18.74867709900648
tiledattention,torch_sdpa,bfloat16,True,1,8,512,160,672399360.0,0.10387200117111206,0.10533759593963624,39433148.045858026,6.4733455832080535,50.47442949869827
torch_sdpa,torch_sdpa,bfloat16,True,1,8,512,160,672399360.0,0.04447999969124794,0.04652159884572029,92086331.57445693,15.11689219126285,117.87050441530488
torch_sdpa_math,torch_sdpa,bfloat16,True,1,8,512,160,672399360.0,0.5369600057601929,0.543059229850769,7628128.642842126,1.2522335980089634,9.764004662837921
standard_eager,torch_sdpa,bfloat16,True,1,8,512,160,672399360.0,0.2226880043745041,0.22542720437049865,18393446.973064516,3.019468255098271,23.54361212552258
tiledattention,torch_sdpa,bfloat16,True,1,8,1024,64,1074790400.0,0.047488000243902206,0.047788798809051514,172506737.65846586,22.63288398079072,88.32344968113452
torch_sdpa,torch_sdpa,bfloat16,True,1,8,1024,64,1074790400.0,0.04447999969124794,0.05966719761490822,184172663.14891386,24.1634534051375,94.2964035322439
torch_sdpa_math,torch_sdpa,bfloat16,True,1,8,1024,64,1074790400.0,1.800704002380371,2.28514564037323,4549331.810875581,0.5968723335868762,2.329257887168297
standard_eager,torch_sdpa,bfloat16,True,1,8,1024,64,1074790400.0,1.0574400424957275,1.0698559999465942,7747011.3394472655,1.0164078877354812,3.966469805797
tiledattention,torch_sdpa,bfloat16,True,1,8,1024,96,1612185600.0,0.09593600034713745,0.09780479967594147,85390259.86447051,16.804803141327795,65.57971957591336
torch_sdpa,torch_sdpa,bfloat16,True,1,8,1024,96,1612185600.0,0.06006399914622307,0.06095999851822853,136387854.89552483,26.84112984343929,104.74587255976307
torch_sdpa_math,torch_sdpa,bfloat16,True,1,8,1024,96,1612185600.0,1.9487680196762085,2.363289451599121,4203681.46299995,0.8272845119183903,3.228427363583962
standard_eager,torch_sdpa,bfloat16,True,1,8,1024,96,1612185600.0,1.1060479879379272,1.4942399263381958,7406550.248577231,1.457609088919999,5.688230590907312
tiledattention,torch_sdpa,bfloat16,True,1,8,1024,128,2149580800.0,0.06598400324583054,0.06628479808568954,124151303.30119285,32.577301986233,127.13093458042148
torch_sdpa,torch_sdpa,bfloat16,True,1,8,1024,128,2149580800.0,0.06169600039720535,0.06306560337543488,132780082.1326997,34.8414935516204,135.9668041038845
torch_sdpa_math,torch_sdpa,bfloat16,True,1,8,1024,128,2149580800.0,2.132159948348999,2.140608072280884,3842113.255313389,1.0081705181942333,3.9343239734409106
standard_eager,torch_sdpa,bfloat16,True,1,8,1024,128,2149580800.0,1.1343040466308594,1.1406144618988037,7222049.523963262,1.89506579508796,7.39537871253838
tiledattention,torch_sdpa,bfloat16,True,1,8,1024,160,2686976000.0,0.26393601298332214,0.46927361488342284,31037825.825298212,10.180406870697812,39.728417056381716
torch_sdpa,torch_sdpa,bfloat16,True,1,8,1024,160,2686976000.0,0.08128000050783157,0.08195839822292328,100787400.94509074,33.05826750998976,129.00787320971614
torch_sdpa_math,torch_sdpa,bfloat16,True,1,8,1024,160,2686976000.0,2.4567360877990723,2.9008832454681395,3334505.501296643,1.0937178044252989,4.268167041659703
standard_eager,torch_sdpa,bfloat16,True,1,8,1024,160,2686976000.0,1.0907520055770874,1.3326784133911134,7510414.794668046,2.463416052651119,9.613330937175098
tiledattention,torch_sdpa,bfloat16,True,1,8,2048,64,4297064448.0,0.1159679964184761,0.15132160782814025,141280357.56414682,37.05388193906391,72.33554307284317
torch_sdpa,torch_sdpa,bfloat16,True,1,8,2048,64,4297064448.0,0.08249600231647491,0.08474239706993103,198603563.081117,52.08815369641072,101.68502429753191
torch_sdpa_math,torch_sdpa,bfloat16,True,1,8,2048,64,4297064448.0,7.980256080627441,8.383034133911133,2053066.948537298,0.5384619747267743,1.0511702776510965
standard_eager,torch_sdpa,bfloat16,True,1,8,2048,64,4297064448.0,4.692383766174316,5.509407901763916,3491615.5234587337,0.915752986568569,1.7877071480108717
tiledattention,torch_sdpa,bfloat16,True,1,8,2048,96,6445596672.0,0.27292799949645996,0.2772351861000061,60030484.34102677,23.616472783634656,46.10341197390856
torch_sdpa,torch_sdpa,bfloat16,True,1,8,2048,96,6445596672.0,0.11139199882745743,0.12174080312252045,147084172.76341617,57.86409023851002,112.96064468230362
torch_sdpa_math,torch_sdpa,bfloat16,True,1,8,2048,96,6445596672.0,8.156096458435059,8.801690101623535,2008804.0993011575,0.7902796030978698,1.542761548263289
standard_eager,torch_sdpa,bfloat16,True,1,8,2048,96,6445596672.0,4.674880027770996,5.153529644012451,3504688.8695905134,1.3787726388078647,2.6916010518455145
tiledattention,torch_sdpa,bfloat16,True,1,8,2048,128,8594128896.0,0.17468799650669098,0.17671680450439453,93790073.31721532,49.19702021810539,96.04103507682849
torch_sdpa,torch_sdpa,bfloat16,True,1,8,2048,128,8594128896.0,0.15625600516796112,0.15720319747924805,104853570.15487933,55.000311103321025,107.37005583859643
torch_sdpa_math,torch_sdpa,bfloat16,True,1,8,2048,128,8594128896.0,8.937984466552734,10.408832359313966,1833075.4613986365,0.9615287348238863,1.8770692724722038
standard_eager,torch_sdpa,bfloat16,True,1,8,2048,128,8594128896.0,4.673312187194824,5.252140808105469,3505864.6509628035,1.8389802674746327,3.590005402585911
tiledattention,torch_sdpa,bfloat16,True,1,8,2048,160,10742661120.0,0.7623999714851379,0.7734655976295471,21490032.28329657,14.090584367511896,27.50724132261961
torch_sdpa,torch_sdpa,bfloat16,True,1,8,2048,160,10742661120.0,0.21376000344753265,0.2148864060640335,76646705.3506642,50.2557117643235,98.10778284885018
torch_sdpa_math,torch_sdpa,bfloat16,True,1,8,2048,160,10742661120.0,9.734880447387695,10.243437194824219,1683020.1550545555,1.103522655266171,2.154265798469831
standard_eager,torch_sdpa,bfloat16,True,1,8,2048,160,10742661120.0,4.826272010803223,5.1182784080505375,3394752.7125130394,2.2258714585405497,4.34528347201669
tiledattention,torch_sdpa,bfloat16,True,1,8,4096,64,17184063488.0,0.3548159897327423,0.35683839321136473,92352095.02447116,48.43091626435307,47.28427265252924
torch_sdpa,torch_sdpa,bfloat16,True,1,8,4096,64,17184063488.0,0.2657279968261719,0.30255359411239624,123314066.98344792,64.66786975119183,63.136802295525335
torch_sdpa_math,torch_sdpa,bfloat16,True,1,8,4096,64,17184063488.0,31.49523162841797,33.82019271850586,1040411.4624905194,0.5456084175134281,0.5326906687951459
standard_eager,torch_sdpa,bfloat16,True,1,8,4096,64,17184063488.0,18.632863998413086,19.15379753112793,1758613.1687963144,0.922244883527488,0.900409942423713
tiledattention,torch_sdpa,bfloat16,True,1,8,4096,96,25776095232.0,0.8112319707870483,0.8174783706665039,40392885.364477,31.77401305694636,31.021735959918338
torch_sdpa,torch_sdpa,bfloat16,True,1,8,4096,96,25776095232.0,0.3670400083065033,0.39558398723602295,89276371.12692222,70.22693616134406,68.56425302547626
torch_sdpa_math,torch_sdpa,bfloat16,True,1,8,4096,96,25776095232.0,31.288959503173828,35.15480422973633,1047270.363742078,0.8238080026082483,0.8043036393539158
standard_eager,torch_sdpa,bfloat16,True,1,8,4096,96,25776095232.0,18.80134391784668,19.310348129272462,1742854.1354905935,1.3709708914761527,1.3385119760567759
tiledattention,torch_sdpa,bfloat16,True,1,8,4096,128,34368126976.0,0.5736960172653198,0.5752256155014038,57117356.60323685,59.90651136088611,58.48817316171453
torch_sdpa,torch_sdpa,bfloat16,True,1,8,4096,128,34368126976.0,0.4870400130748749,0.4881408095359802,67279893.06899601,70.56530480734122,68.89461050265191
torch_sdpa_math,torch_sdpa,bfloat16,True,1,8,4096,128,34368126976.0,35.38016128540039,38.107730865478516,926168.7569955116,0.9713954297371163,0.9483968071634039
standard_eager,torch_sdpa,bfloat16,True,1,8,4096,128,34368126976.0,18.909536361694336,19.429293823242187,1732882.2543940954,1.817502360640668,1.7744714284995537
tiledattention,torch_sdpa,bfloat16,True,1,8,4096,160,42960158720.0,2.3073599338531494,2.6165695190429688,14201512.091474801,18.618750412407124,18.177935477087747
torch_sdpa,torch_sdpa,bfloat16,True,1,8,4096,160,42960158720.0,0.6693120002746582,0.6703167676925659,48957735.68463341,64.18554979198179,62.66590167633077
torch_sdpa_math,torch_sdpa,bfloat16,True,1,8,4096,160,42960158720.0,39.275390625,42.6244499206543,834313.7898453429,1.0938187510388382,1.0679216510020388
standard_eager,torch_sdpa,bfloat16,True,1,8,4096,160,42960158720.0,19.312639236450195,20.379711151123047,1696712.6863818017,2.2244582003539977,2.171792238568706
tiledattention,torch_sdpa,bfloat16,True,1,8,8192,64,68727865344.0,1.2704319953918457,1.490457582473755,51585602.56488691,54.098027752207166,26.411828513222098
torch_sdpa,torch_sdpa,bfloat16,True,1,8,8192,64,68727865344.0,0.856544017791748,0.9534400343894959,76512121.54742268,80.23856791526835,39.17420623228041
torch_sdpa_math,torch_sdpa,bfloat16,True,1,8,8192,64,68727865344.0,124.70601654052734,128.0447219848633,525523.9628210071,0.5511190819062415,0.26906826896435565
standard_eager,torch_sdpa,bfloat16,True,1,8,8192,64,68727865344.0,74.22640228271484,78.3848861694336,882920.3354136081,0.9259220874295925,0.4520552117317674
tiledattention,torch_sdpa,bfloat16,True,1,8,8192,96,103091798016.0,2.743680000305176,3.177695894241333,23886167.480431583,37.57427907209778,18.344576624971456
torch_sdpa,torch_sdpa,bfloat16,True,1,8,8192,96,103091798016.0,1.2374399900436401,1.504294466972351,52960952.068220116,83.31054341662606,40.67401118839305
torch_sdpa_math,torch_sdpa,bfloat16,True,1,8,8192,96,103091798016.0,127.90419006347656,132.00649719238282,512383.5268217222,0.806007981168071,0.39351054859908263
standard_eager,torch_sdpa,bfloat16,True,1,8,8192,96,103091798016.0,75.5498275756836,80.65650787353516,867453.9982814383,1.364553716720606,0.6662046706801447
tiledattention,torch_sdpa,bfloat16,True,1,8,8192,128,137455730688.0,2.2101759910583496,2.5311679363250734,29651937.34125122,62.192210595039036,30.36358383744125
torch_sdpa,torch_sdpa,bfloat16,True,1,8,8192,128,137455730688.0,1.6728639602661133,1.9476672172546388,39175929.158982396,82.16790722548295,40.11615145879797
torch_sdpa_math,torch_sdpa,bfloat16,True,1,8,8192,128,137455730688.0,140.32882690429688,145.2304443359375,467017.3723086492,0.9795259728191393,0.4782257892440568
standard_eager,torch_sdpa,bfloat16,True,1,8,8192,128,137455730688.0,75.34815979003906,78.25447845458984,869775.7209017305,1.8242745552250565,0.890650338203372
tiledattention,torch_sdpa,bfloat16,True,1,8,8192,160,171819663360.0,7.991936206817627,8.909165000915527,8200265.655786097,21.499128485713758,10.496340039406205
torch_sdpa,torch_sdpa,bfloat16,True,1,8,8192,160,171819663360.0,2.299423933029175,2.6551551818847656,28501051.528008293,74.72291685407102,36.481345955850614
torch_sdpa_math,torch_sdpa,bfloat16,True,1,8,8192,160,171819663360.0,154.18914794921875,158.21205139160156,425036.39764313295,1.1143434258848601,0.5440465889832102
standard_eager,torch_sdpa,bfloat16,True,1,8,8192,160,171819663360.0,79.00332641601562,82.91094055175782,829534.6914242649,2.174840872588481,1.061804405023059
