method,baseline_name,dtype,causal,B,H,S,D,flops_forward,median_ms,p95_ms,throughput_tokens_per_s,tflops_per_s,approx_bw_gbps,status,status_detail
tiledattention,torch_sdpa,float16,False,1,8,512,64,536870912.0,0.03532800078392029,0.04794240221381187,115942026.41278003,15.196753285975904,59.36231752334338,ok,
torch_sdpa,torch_sdpa,float16,False,1,8,512,64,536870912.0,0.021503999829292297,0.022156798839569093,190476191.98826978,24.966095436286498,97.52381029799413,ok,
torch_sdpa_math,torch_sdpa,float16,False,1,8,512,64,536870912.0,0.2725119888782501,0.2751807928085327,15030531.379043162,1.9700818089139454,7.6956320660700985,ok,
standard_eager,torch_sdpa,float16,False,1,8,512,64,536870912.0,0.1263040006160736,0.12931840121746063,32429693.27987175,4.25062475757935,16.604002959294338,ok,
torch_sdpa_flash_forced,torch_sdpa,float16,False,1,8,512,64,536870912.0,0.025312000885605812,0.027795199304819107,161820474.7428432,21.210133265493944,82.85208306833573,ok,
torch_sdpa_efficient_forced,torch_sdpa,float16,False,1,8,512,64,536870912.0,0.03872000053524971,0.0409664012491703,105785122.50461115,13.865467576924393,54.16198272236091,ok,
torch_sdpa_cudnn_forced,torch_sdpa,float16,False,1,8,512,64,536870912.0,0.02454400062561035,0.028736000508069993,166883959.24037108,21.873814305553918,85.44458713107,ok,
tiledattention,torch_sdpa,float16,False,1,8,512,96,805306368.0,0.06707199662923813,0.07041919827461243,61068705.35913739,12.006596023249285,46.90076571581752,ok,
torch_sdpa,torch_sdpa,float16,False,1,8,512,96,805306368.0,0.04243199899792671,0.04318720027804375,96530922.3400042,18.978751579423548,74.13574835712323,ok,
torch_sdpa_math,torch_sdpa,float16,False,1,8,512,96,805306368.0,0.3134079873561859,0.3154944121837616,13069226.584021056,2.5695145002312114,10.03716601652817,ok,
standard_eager,torch_sdpa,float16,False,1,8,512,96,805306368.0,0.13478399813175201,0.13843200206756592,30389364.143925603,5.974792105608926,23.339031662534865,ok,
torch_sdpa_flash_forced,torch_sdpa,float16,False,1,8,512,96,805306368.0,0.046751998364925385,0.04743679910898209,87611228.25228643,17.225068364225532,67.28542329775598,ok,
torch_sdpa_efficient_forced,torch_sdpa,float16,False,1,8,512,96,805306368.0,0.05788800120353699,0.05815039947628975,70757323.01756746,13.911455763837902,54.34162407749181,ok,
torch_sdpa_cudnn_forced,torch_sdpa,float16,False,1,8,512,96,805306368.0,0.03376000002026558,0.07308799922466278,121327014.14517885,23.853861597055324,93.17914686349737,ok,
tiledattention,torch_sdpa,float16,False,1,8,512,128,1073741824.0,0.04451199993491173,0.06126719787716865,92020129.53786464,24.122524837573987,94.22861264677339,ok,
torch_sdpa,torch_sdpa,float16,False,1,8,512,128,1073741824.0,0.05753599852323532,0.05920639857649803,71190213.1731645,18.662087242066036,72.89877828932045,ok,
torch_sdpa_math,torch_sdpa,float16,False,1,8,512,128,1073741824.0,0.3718400001525879,0.37841921448707583,11015490.529042518,2.8876447492453217,11.279862301739538,ok,
standard_eager,torch_sdpa,float16,False,1,8,512,128,1073741824.0,0.1348160058259964,0.13776639699935914,30382149.173641913,7.9644981129751855,31.11132075380932,ok,
torch_sdpa_flash_forced,torch_sdpa,float16,False,1,8,512,128,1073741824.0,0.06140799820423126,0.06656639575958252,66701408.9333687,17.485374143429002,68.30224274776954,ok,
torch_sdpa_efficient_forced,torch_sdpa,float16,False,1,8,512,128,1073741824.0,0.06191999837756157,0.09925759881734848,66149872.53430386,17.34079218563255,67.73746947512716,ok,
torch_sdpa_cudnn_forced,torch_sdpa,float16,False,1,8,512,128,1073741824.0,0.03420799970626831,0.07481599673628807,119738073.99353564,31.388617668961405,122.6117877693805,ok,
tiledattention,torch_sdpa,float16,False,1,8,512,160,1342177280.0,0.11187200248241425,0.11447679847478867,36613271.49877264,11.99743680471782,46.86498751842898,ok,
torch_sdpa,torch_sdpa,float16,False,1,8,512,160,1342177280.0,0.056671999394893646,0.06744960248470307,72275551.30813092,23.68325265264834,92.51270567440758,ok,
torch_sdpa_math,torch_sdpa,float16,False,1,8,512,160,1342177280.0,0.4864000082015991,0.4934783935546875,8421052.489584506,2.759410479787051,10.778947186668168,ok,
standard_eager,torch_sdpa,float16,False,1,8,512,160,1342177280.0,0.14176000654697418,0.14372480809688568,28893903.857451733,9.467954416009784,36.984196937538215,ok,
torch_sdpa_flash_forced,torch_sdpa,float16,False,1,8,512,160,1342177280.0,0.06332799792289734,0.13276800513267517,64679132.99559751,21.194058299997394,82.78929023436483,ok,
torch_sdpa_efficient_forced,torch_sdpa,float16,False,1,8,512,160,1342177280.0,0.08966399729251862,0.11908479630947114,45681657.33942538,14.968965476982909,58.472521394464486,ok,
torch_sdpa_cudnn_forced,torch_sdpa,float16,False,1,8,512,160,1342177280.0,nan,nan,nan,nan,nan,unsupported,No available kernel. Aborting execution.
tiledattention,torch_sdpa,float16,False,1,8,1024,64,2147483648.0,0.06275200098752975,0.0646912008523941,130545637.92520235,34.22175570826425,66.8393666177036,ok,
torch_sdpa,torch_sdpa,float16,False,1,8,1024,64,2147483648.0,0.047775998711586,0.05084160044789314,171466849.90204892,44.94900590072271,87.79102714984904,ok,
torch_sdpa_math,torch_sdpa,float16,False,1,8,1024,64,2147483648.0,1.3311359882354736,1.3558720111846925,6154142.080449005,1.613271421537224,3.1509207451898904,ok,
standard_eager,torch_sdpa,float16,False,1,8,1024,64,2147483648.0,0.6747199892997742,0.8402239918708801,12141332.893518798,3.1827775700385916,6.216362441481625,ok,
torch_sdpa_flash_forced,torch_sdpa,float16,False,1,8,1024,64,2147483648.0,0.05193600058555603,0.05388160049915314,157732592.1834321,41.34865264533362,80.75908719791724,ok,
torch_sdpa_efficient_forced,torch_sdpa,float16,False,1,8,1024,64,2147483648.0,0.07945600152015686,0.08058880269527435,103101085.42174508,27.02733093679794,52.78775573593348,ok,
torch_sdpa_cudnn_forced,torch_sdpa,float16,False,1,8,1024,64,2147483648.0,0.050624001771211624,0.054099198430776596,161820474.7428432,42.42026653098789,82.85208306833573,ok,
tiledattention,torch_sdpa,float16,False,1,8,1024,96,3221225472.0,0.12131199985742569,0.12473600059747696,67528356.7134975,26.553230313454634,51.86177795596608,ok,
torch_sdpa,torch_sdpa,float16,False,1,8,1024,96,3221225472.0,0.06496000289916992,0.06576640158891678,126108368.75601001,49.58782832876324,96.8512272046157,ok,
torch_sdpa_math,torch_sdpa,float16,False,1,8,1024,96,3221225472.0,1.5616320371627808,1.7546688318252563,5245794.018726375,2.0627301408675107,4.028769806381856,ok,
standard_eager,torch_sdpa,float16,False,1,8,1024,96,3221225472.0,0.7002879977226257,0.8736768007278443,11698044.271272426,4.599858176172658,8.984098000337223,ok,
torch_sdpa_flash_forced,torch_sdpa,float16,False,1,8,1024,96,3221225472.0,0.06876800209283829,0.07496319860219955,119125170.87439334,46.84192319054545,91.48813123153408,ok,
torch_sdpa_efficient_forced,torch_sdpa,float16,False,1,8,1024,96,3221225472.0,0.14406399428844452,0.14508800208568573,56863618.42500355,22.359684582606196,43.67125895040272,ok,
torch_sdpa_cudnn_forced,torch_sdpa,float16,False,1,8,1024,96,3221225472.0,0.06988800317049026,0.07227519750595093,117216111.89857283,46.091250656309214,90.02197393810393,ok,
tiledattention,torch_sdpa,float16,False,1,8,1024,128,4294967296.0,0.09151999652385712,0.09240960329771042,89510492.91030663,46.929277306958845,91.65874474015399,ok,
torch_sdpa,torch_sdpa,float16,False,1,8,1024,128,4294967296.0,0.09142400324344635,0.11540480405092239,89604477.045116,46.97855206102978,91.7549844941988,ok,
torch_sdpa_math,torch_sdpa,float16,False,1,8,1024,128,4294967296.0,1.7889599800109863,1.973747229576111,4579196.902967998,2.4008179858632857,4.68909762863923,ok,
standard_eager,torch_sdpa,float16,False,1,8,1024,128,4294967296.0,0.7061120271682739,1.2256384253501893,11601558.513105119,6.082557909718856,11.879995917419642,ok,
torch_sdpa_flash_forced,torch_sdpa,float16,False,1,8,1024,128,4294967296.0,0.0947519987821579,0.0959423989057541,86457279.05787018,45.32851392269264,88.53225375525906,ok,
torch_sdpa_efficient_forced,torch_sdpa,float16,False,1,8,1024,128,4294967296.0,0.15612800419330597,0.15635839700698853,52469766.98592317,27.50926919351569,53.72904139358533,ok,
torch_sdpa_cudnn_forced,torch_sdpa,float16,False,1,8,1024,128,4294967296.0,0.0727040022611618,0.07504639625549317,112676052.83369847,59.0747023880741,115.38027810170723,ok,
tiledattention,torch_sdpa,float16,False,1,8,1024,160,5368709120.0,0.3052479922771454,0.41020158529281614,26837195.353482276,17.588024346858145,34.35161005245731,ok,
torch_sdpa,torch_sdpa,float16,False,1,8,1024,160,5368709120.0,0.11340799927711487,0.11466240137815475,72234763.44012271,47.33977456811882,92.46049720335706,ok,
torch_sdpa_math,torch_sdpa,float16,False,1,8,1024,160,5368709120.0,2.113919973373413,2.387129545211792,3875264.9594994504,2.53969364385756,4.960339148159297,ok,
standard_eager,torch_sdpa,float16,False,1,8,1024,160,5368709120.0,0.7213760018348694,0.7337600111961364,11356075.02767362,7.442317330136183,14.535776035422234,ok,
torch_sdpa_flash_forced,torch_sdpa,float16,False,1,8,1024,160,5368709120.0,0.11807999759912491,0.11946240067481995,69376695.17754725,45.46671095155737,88.80216982726049,ok,
torch_sdpa_efficient_forced,torch_sdpa,float16,False,1,8,1024,160,5368709120.0,0.3038400113582611,0.30545281171798705,26961557.70722613,17.66952645900772,34.510793865249454,ok,
torch_sdpa_cudnn_forced,torch_sdpa,float16,False,1,8,1024,160,5368709120.0,nan,nan,nan,nan,nan,unsupported,No available kernel. Aborting execution.
tiledattention,torch_sdpa,float16,False,1,8,2048,64,8589934592.0,0.17852799594402313,0.18033280074596406,91772721.21027534,48.11533645789284,46.987633259660974,ok,
torch_sdpa,torch_sdpa,float16,False,1,8,2048,64,8589934592.0,0.12131199985742569,0.12170880287885666,135056713.426995,70.80861416921236,69.14903727462145,ok,
torch_sdpa_math,torch_sdpa,float16,False,1,8,2048,64,8589934592.0,5.880864143371582,5.9094462394714355,2785985.120650453,1.4606585669355847,1.426424381773032,ok,
standard_eager,torch_sdpa,float16,False,1,8,2048,64,8589934592.0,3.1255040168762207,3.1297472953796386,5242034.536360942,2.7483358029996054,2.6839216826168024,ok,
torch_sdpa_flash_forced,torch_sdpa,float16,False,1,8,2048,64,8589934592.0,0.12537600100040436,0.12748799324035645,130678916.77249427,68.51338791681748,66.90760538751707,ok,
torch_sdpa_efficient_forced,torch_sdpa,float16,False,1,8,2048,64,8589934592.0,0.2565760016441345,0.29200000166893003,63856322.86344636,33.47910380143057,32.69443730608454,ok,
torch_sdpa_cudnn_forced,torch_sdpa,float16,False,1,8,2048,64,8589934592.0,0.15993599593639374,0.18359680771827697,102440978.99334611,53.708575994463445,52.44978124459321,ok,
tiledattention,torch_sdpa,float16,False,1,8,2048,96,12884901888.0,0.3864000141620636,0.38756479024887086,42401654.76062388,33.34601815670696,32.56447085615914,ok,
torch_sdpa,torch_sdpa,float16,False,1,8,2048,96,12884901888.0,0.16543999314308167,0.16721279919147491,99032886.11617754,77.88263069411774,76.05725653722435,ok,
torch_sdpa_math,torch_sdpa,float16,False,1,8,2048,96,12884901888.0,6.21776008605957,6.57719669342041,2635032.5154445064,2.0722738911860543,2.023704971861381,ok,
standard_eager,torch_sdpa,float16,False,1,8,2048,96,12884901888.0,3.2056639194488525,3.826163339614868,5110953.740533377,4.019417572075145,3.925212472729634,ok,
torch_sdpa_flash_forced,torch_sdpa,float16,False,1,8,2048,96,12884901888.0,0.17059199512004852,0.1709888070821762,96042021.13041879,75.53051876163751,73.76027222816164,ok,
torch_sdpa_efficient_forced,torch_sdpa,float16,False,1,8,2048,96,12884901888.0,0.5246719717979431,0.5260927677154541,31227130.246457413,24.558014493981997,23.98243602927929,ok,
torch_sdpa_cudnn_forced,torch_sdpa,float16,False,1,8,2048,96,12884901888.0,0.22281600534915924,0.22689919471740722,73531522.00321423,57.82754191203176,56.47220889846852,ok,
tiledattention,torch_sdpa,float16,False,1,8,2048,128,17179869184.0,0.28518399596214294,0.28991360068321226,57450629.179678485,60.24135094271055,58.82944427999077,ok,
torch_sdpa,torch_sdpa,float16,False,1,8,2048,128,17179869184.0,0.2383359968662262,0.23941760659217834,68743287.6922744,72.08256163521433,70.39312659688899,ok,
torch_sdpa_math,torch_sdpa,float16,False,1,8,2048,128,17179869184.0,6.93939208984375,7.434841346740723,2361013.729715467,2.4757023326501253,2.417678059228638,ok,
standard_eager,torch_sdpa,float16,False,1,8,2048,128,17179869184.0,3.270303964614868,3.847929573059082,5009931.852597526,5.253294302269303,5.130170217059867,ok,
torch_sdpa_flash_forced,torch_sdpa,float16,False,1,8,2048,128,17179869184.0,0.24326400458812714,0.24679040908813477,67350695.91467066,70.62232331942171,68.96711261662276,ok,
torch_sdpa_efficient_forced,torch_sdpa,float16,False,1,8,2048,128,17179869184.0,0.5699520111083984,0.572166383266449,28746279.828257237,30.14265911719466,29.43619054413541,ok,
torch_sdpa_cudnn_forced,torch_sdpa,float16,False,1,8,2048,128,17179869184.0,0.2276799976825714,0.23031680285930634,71960647.25388116,75.45620765488569,73.6877027879743,ok,
tiledattention,torch_sdpa,float16,False,1,8,2048,160,21474836480.0,0.9732800126075745,1.0598719358444213,16833798.894220192,22.064396886632288,21.547262584601846,ok,
torch_sdpa,torch_sdpa,float16,False,1,8,2048,160,21474836480.0,0.315775990486145,0.45791360139846804,51884881.98477796,68.00655251508816,66.41264894051578,ok,
torch_sdpa_math,torch_sdpa,float16,False,1,8,2048,160,21474836480.0,7.994592189788818,8.562016105651855,2049385.3358682443,2.686170347429225,2.6232132299113524,ok,
standard_eager,torch_sdpa,float16,False,1,8,2048,160,21474836480.0,3.2953600883483887,3.6386176109313966,4971839.058781447,6.516688891126019,6.363953995240252,ok,
torch_sdpa_flash_forced,torch_sdpa,float16,False,1,8,2048,160,21474836480.0,0.3161279857158661,0.31811838150024413,51827110.34867327,67.93083007621303,66.33870124630178,ok,
torch_sdpa_efficient_forced,torch_sdpa,float16,False,1,8,2048,160,21474836480.0,1.083135962486267,1.3706239461898804,15126448.172205092,19.82653814827266,19.36185366042252,ok,
torch_sdpa_cudnn_forced,torch_sdpa,float16,False,1,8,2048,160,21474836480.0,nan,nan,nan,nan,nan,unsupported,No available kernel. Aborting execution.
tiledattention,torch_sdpa,float16,False,1,8,4096,64,34359738368.0,0.5843200087547302,0.6065599799156189,56078860.05792153,58.802946764095125,28.712376349655823,ok,
torch_sdpa,torch_sdpa,float16,False,1,8,4096,64,34359738368.0,0.42444801330566406,0.47816318869590757,77201445.10701784,80.95158250453635,39.52713989479314,ok,
torch_sdpa_math,torch_sdpa,float16,False,1,8,4096,64,34359738368.0,23.368928909301758,24.29189796447754,1402203.7606934153,1.4703172105728586,0.7179283254750286,ok,
standard_eager,torch_sdpa,float16,False,1,8,4096,64,34359738368.0,11.611167907714844,12.259232521057129,2822110.597352387,2.9591974417293763,1.444920625844422,ok,
torch_sdpa_flash_forced,torch_sdpa,float16,False,1,8,4096,64,34359738368.0,0.4275200068950653,0.42888959050178527,76646705.3506642,80.36989570977806,39.24311313954007,ok,
torch_sdpa_efficient_forced,torch_sdpa,float16,False,1,8,4096,64,34359738368.0,0.8412799835205078,0.9498816132545471,38950171.93072349,40.84221548243031,19.942488028530427,ok,
torch_sdpa_cudnn_forced,torch_sdpa,float16,False,1,8,4096,64,34359738368.0,0.43772798776626587,0.44118401408195496,74859275.43088053,78.49563959421099,38.32794902061083,ok,
tiledattention,torch_sdpa,float16,False,1,8,4096,96,51539607552.0,1.2643200159072876,1.5369856119155885,25917488.917143643,40.76468528817422,19.904631488366316,ok,
torch_sdpa,torch_sdpa,float16,False,1,8,4096,96,51539607552.0,0.6065279841423035,0.6089280128479004,54025536.91951661,84.97482210137856,41.49161235418875,ok,
torch_sdpa_math,torch_sdpa,float16,False,1,8,4096,96,51539607552.0,24.676128387451172,25.185702514648437,1327923.0633547797,2.088642381120452,1.0198449126564708,ok,
standard_eager,torch_sdpa,float16,False,1,8,4096,96,51539607552.0,11.851679801940918,11.897311592102051,2764840.1363858706,4.348717516276427,2.1233972247443487,ok,
torch_sdpa_flash_forced,torch_sdpa,float16,False,1,8,4096,96,51539607552.0,0.6099200248718262,0.621497631072998,53725076.50799979,84.50223873667859,41.26085875814385,ok,
torch_sdpa_efficient_forced,torch_sdpa,float16,False,1,8,4096,96,51539607552.0,1.892896056175232,2.3249983549118043,17311040.346404817,27.227912163407662,13.2948789860389,ok,
torch_sdpa_cudnn_forced,torch_sdpa,float16,False,1,8,4096,96,51539607552.0,0.83024001121521,0.8343168020248413,39468105.0748662,62.077961620474355,30.31150469749724,ok,
tiledattention,torch_sdpa,float16,False,1,8,4096,128,68719476736.0,0.9784640073776245,1.289350414276123,33489223.673971742,70.23199240631719,34.29296504214707,ok,
torch_sdpa,torch_sdpa,float16,False,1,8,4096,128,68719476736.0,0.9149439930915833,1.2793024063110352,35814214.03650881,75.10785059509253,36.673755173385025,ok,
torch_sdpa_math,torch_sdpa,float16,False,1,8,4096,128,68719476736.0,27.778112411499023,28.300679397583007,1179633.7891711951,2.47387136022795,1.207945000111304,ok,
standard_eager,torch_sdpa,float16,False,1,8,4096,128,68719476736.0,12.414527893066406,12.775078392028808,2639488.209479246,5.53540797748582,2.7028359265067476,ok,
torch_sdpa_flash_forced,torch_sdpa,float16,False,1,8,4096,128,68719476736.0,0.9160640239715576,0.9208448052406311,35770425.58437749,75.01601955512842,36.62891579840255,ok,
torch_sdpa_efficient_forced,torch_sdpa,float16,False,1,8,4096,128,68719476736.0,2.0774080753326416,2.325523328781128,15773501.79249355,33.07943083113143,16.152065835513394,ok,
torch_sdpa_cudnn_forced,torch_sdpa,float16,False,1,8,4096,128,68719476736.0,0.853600025177002,1.1928831815719605,38388002.61657121,80.50547646334755,39.30931467936892,ok,
tiledattention,torch_sdpa,float16,False,1,8,4096,160,85899345920.0,3.1651840209960938,3.6614911556243896,10352636.618482549,27.138815737154893,13.251374871657664,ok,
torch_sdpa,torch_sdpa,float16,False,1,8,4096,160,85899345920.0,1.205888032913208,1.2256831645965576,27173335.422226906,71.2332684092425,34.78186934045044,ok,
torch_sdpa_math,torch_sdpa,float16,False,1,8,4096,160,85899345920.0,32.08137512207031,32.416952514648436,1021402.6012076185,2.6775456349096998,1.3073953295457519,ok,
standard_eager,torch_sdpa,float16,False,1,8,4096,160,85899345920.0,12.485631942749023,13.036761856079101,2624456.6674920986,6.879855686430488,3.3593045343898864,ok,
torch_sdpa_flash_forced,torch_sdpa,float16,False,1,8,4096,160,85899345920.0,1.2096320390701294,1.622976016998291,27089229.568678983,71.01278996051782,34.674213847909094,ok,
torch_sdpa_efficient_forced,torch_sdpa,float16,False,1,8,4096,160,85899345920.0,4.188799858093262,4.687820816040039,7822765.734841284,20.506911007942335,10.013140140596844,ok,
torch_sdpa_cudnn_forced,torch_sdpa,float16,False,1,8,4096,160,85899345920.0,nan,nan,nan,nan,nan,unsupported,No available kernel. Aborting execution.
tiledattention,torch_sdpa,float16,False,1,8,8192,64,137438953472.0,2.219327926635742,2.4157694816589355,29529660.40460068,61.928186376829125,15.119186127155547,ok,
torch_sdpa,torch_sdpa,float16,False,1,8,8192,64,137438953472.0,1.4926719665527344,1.704089617729187,43905158.982353464,92.07579197016054,22.479441398964973,ok,
torch_sdpa_math,torch_sdpa,float16,False,1,8,8192,64,137438953472.0,94.408447265625,95.07602081298828,694175.170740916,1.4557908476696535,0.35541768741934904,ok,
standard_eager,torch_sdpa,float16,False,1,8,8192,64,137438953472.0,47.08464050292969,48.233055114746094,1391876.4017306713,2.918976379642281,0.7126407176861037,ok,
torch_sdpa_flash_forced,torch_sdpa,float16,False,1,8,8192,64,137438953472.0,1.4995520114898682,1.733075213432312,43703719.17602726,91.65334207744392,22.376304218125956,ok,
torch_sdpa_efficient_forced,torch_sdpa,float16,False,1,8,8192,64,137438953472.0,3.2177600860595703,3.4594368934631348,20366962.808670606,42.71261678812918,10.42788495803935,ok,
torch_sdpa_cudnn_forced,torch_sdpa,float16,False,1,8,8192,64,137438953472.0,1.7071679830551147,1.9662976741790772,38388723.69356298,80.50698867140298,19.655026531104244,ok,
tiledattention,torch_sdpa,float16,False,1,8,8192,96,206158430208.0,4.5590081214904785,5.247884845733642,14375056.646877453,45.220018195668516,11.040043504801885,ok,
torch_sdpa,torch_sdpa,float16,False,1,8,8192,96,206158430208.0,2.1462080478668213,2.5443329334259035,30535716.26718022,96.0570576617243,23.451430093194407,ok,
torch_sdpa_math,torch_sdpa,float16,False,1,8,8192,96,206158430208.0,96.33385467529297,96.80522003173829,680300.8165810291,2.1400413271418075,0.5224710271342303,ok,
standard_eager,torch_sdpa,float16,False,1,8,8192,96,206158430208.0,48.02092742919922,48.751905822753905,1364738.323653256,4.29309555738911,1.0481190325657006,ok,
torch_sdpa_flash_forced,torch_sdpa,float16,False,1,8,8192,96,206158430208.0,2.148736000061035,2.633331298828125,30499791.50446516,95.94404812975817,23.42383987542924,ok,
torch_sdpa_efficient_forced,torch_sdpa,float16,False,1,8,8192,96,206158430208.0,7.463232040405273,7.863827037811279,8781182.153414758,27.6232105730971,6.743947893822535,ok,
torch_sdpa_cudnn_forced,torch_sdpa,float16,False,1,8,8192,96,206158430208.0,2.9883201122283936,3.6275009155273437,21930716.100936633,68.9880676987672,16.842789965519334,ok,
tiledattention,torch_sdpa,float16,False,1,8,8192,128,274877906944.0,3.8650240898132324,4.916812515258789,16956168.571556527,71.11932566435382,17.363116617273885,ok,
torch_sdpa,torch_sdpa,float16,False,1,8,8192,128,274877906944.0,3.216831922531128,4.003955221176147,20372839.35818249,85.44988161138225,20.86178750277887,ok,
torch_sdpa_math,torch_sdpa,float16,False,1,8,8192,128,274877906944.0,110.29408264160156,110.9824951171875,594193.2552533932,2.4922271472823283,0.6084538933794746,ok,
standard_eager,torch_sdpa,float16,False,1,8,8192,128,274877906944.0,48.544288635253906,49.3018180847168,1350024.9327457722,5.662414975515323,1.3824255311316707,ok,
torch_sdpa_flash_forced,torch_sdpa,float16,False,1,8,8192,128,274877906944.0,3.2219200134277344,3.8411903858184813,20340666.350148648,85.31493823509388,20.828842342552214,ok,
torch_sdpa_efficient_forced,torch_sdpa,float16,False,1,8,8192,128,274877906944.0,8.152607917785645,8.159263610839844,8038654.705450429,33.716561585689554,8.231582418381238,ok,
torch_sdpa_cudnn_forced,torch_sdpa,float16,False,1,8,8192,128,274877906944.0,3.006783962249756,3.652057647705078,21796045.483415514,91.41924075527163,22.31915057501749,ok,
tiledattention,torch_sdpa,float16,False,1,8,8192,160,343597383680.0,11.4716157913208,12.062060737609864,5712883.101400872,29.951960554672606,7.3124903697931165,ok,
torch_sdpa,torch_sdpa,float16,False,1,8,8192,160,343597383680.0,4.231743812561035,5.074969863891601,15486759.809388805,81.19522326944839,19.823052556017675,ok,
torch_sdpa_math,torch_sdpa,float16,False,1,8,8192,160,343597383680.0,124.78291320800781,125.9699920654297,525200.112059848,2.7535611635163364,0.6722561434366056,ok,
standard_eager,torch_sdpa,float16,False,1,8,8192,160,343597383680.0,49.49846267700195,50.259239959716794,1324000.7154898858,6.941576871227613,1.694720915827054,ok,
torch_sdpa_flash_forced,torch_sdpa,float16,False,1,8,8192,160,343597383680.0,4.23744010925293,5.159660816192627,15465941.301894682,81.08607433287759,19.796404866425195,ok,
torch_sdpa_efficient_forced,torch_sdpa,float16,False,1,8,8192,160,343597383680.0,16.186656951904297,16.581606292724608,4048766.8451075656,21.227198716877556,5.1824215617376845,ok,
torch_sdpa_cudnn_forced,torch_sdpa,float16,False,1,8,8192,160,343597383680.0,nan,nan,nan,nan,nan,unsupported,No available kernel. Aborting execution.
tiledattention,torch_sdpa,bfloat16,False,1,8,512,64,536870912.0,0.03433600068092346,0.040063999593257904,119291703.13290659,15.635802113036332,61.07735200404817,ok,
torch_sdpa,torch_sdpa,bfloat16,False,1,8,512,64,536870912.0,0.02112000063061714,0.02280319929122925,193939388.14860308,25.420023483413704,99.29696673208478,ok,
torch_sdpa_math,torch_sdpa,bfloat16,False,1,8,512,64,536870912.0,0.2714560031890869,0.27591041326522825,15089001.355209917,1.9777455856300743,7.725568693867477,ok,
standard_eager,torch_sdpa,bfloat16,False,1,8,512,64,536870912.0,0.18038399517536163,0.1852416068315506,22707114.320303436,2.976266888190812,11.62604253199536,ok,
torch_sdpa_flash_forced,torch_sdpa,bfloat16,False,1,8,512,64,536870912.0,0.025280000641942024,0.02704000025987625,162025312.3413427,21.23698173920447,82.95695991876745,ok,
torch_sdpa_efficient_forced,torch_sdpa,bfloat16,False,1,8,512,64,536870912.0,0.03852799907326698,0.03957759812474251,106312294.91598612,13.934565119228132,54.431894996984894,ok,
torch_sdpa_cudnn_forced,torch_sdpa,bfloat16,False,1,8,512,64,536870912.0,0.024351999163627625,0.028275199234485626,168199742.9647511,22.046276709875855,86.11826839795256,ok,
tiledattention,torch_sdpa,bfloat16,False,1,8,512,96,805306368.0,0.06796800345182419,0.07103360444307327,60263650.42344152,11.848315782451992,46.2824835252031,ok,
torch_sdpa,torch_sdpa,bfloat16,False,1,8,512,96,805306368.0,0.04249599948525429,0.043193601071834564,96385543.33617388,18.950168904238474,74.02409728218153,ok,
torch_sdpa_math,torch_sdpa,bfloat16,False,1,8,512,96,805306368.0,0.3123199939727783,0.3148671865463257,13114754.351452138,2.578465623530302,10.072131341915243,ok,
standard_eager,torch_sdpa,bfloat16,False,1,8,512,96,805306368.0,0.1847040057182312,0.18725759387016297,22176021.48947712,4.359983233003118,17.03118450391843,ok,
torch_sdpa_flash_forced,torch_sdpa,bfloat16,False,1,8,512,96,805306368.0,0.04668800160288811,0.0477823980152607,87731319.81186838,17.248679325571818,67.37765361551492,ok,
torch_sdpa_efficient_forced,torch_sdpa,bfloat16,False,1,8,512,96,805306368.0,0.05795200169086456,0.059142398089170455,70679180.70974389,13.896092360981328,54.281610785083316,ok,
torch_sdpa_cudnn_forced,torch_sdpa,bfloat16,False,1,8,512,96,805306368.0,0.033440001308918,0.035084798187017444,122488033.48305048,24.08212728703559,94.07080971498277,ok,
tiledattention,torch_sdpa,bfloat16,False,1,8,512,128,1073741824.0,0.04601600021123886,0.04657280072569847,89012516.97664069,23.334097250324497,91.14881738408006,ok,
torch_sdpa,torch_sdpa,bfloat16,False,1,8,512,128,1073741824.0,0.05478399991989136,0.05689600110054016,74766355.24951503,19.599551430528866,76.56074777550339,ok,
torch_sdpa_math,torch_sdpa,bfloat16,False,1,8,512,128,1073741824.0,0.37462401390075684,0.5853055953979492,10933629.046762304,2.8661852528344576,11.1960361438846,ok,
standard_eager,torch_sdpa,bfloat16,False,1,8,512,128,1073741824.0,0.19487999379634857,0.1980991929769516,21018063.06644467,5.509759124490071,21.52249658003934,ok,
torch_sdpa_flash_forced,torch_sdpa,bfloat16,False,1,8,512,128,1073741824.0,0.060896001756191254,0.06176000013947487,67262215.61144714,17.6323862492472,68.87650878612187,ok,
torch_sdpa_efficient_forced,torch_sdpa,bfloat16,False,1,8,512,128,1073741824.0,0.0615679994225502,0.06310400366783142,66528067.152037084,17.43993363550361,68.12474076368598,ok,
torch_sdpa_cudnn_forced,torch_sdpa,bfloat16,False,1,8,512,128,1073741824.0,0.033344000577926636,0.03604479804635048,122840688.8497809,32.20194953783697,125.78886538217564,ok,
tiledattention,torch_sdpa,bfloat16,False,1,8,512,160,1342177280.0,0.1268479973077774,0.12905600666999817,32290616.22519493,10.580989124671875,41.33198876824951,ok,
torch_sdpa,torch_sdpa,bfloat16,False,1,8,512,160,1342177280.0,0.05676800012588501,0.05699840188026428,72153325.65735939,23.643201751403524,92.35625684142002,ok,
torch_sdpa_math,torch_sdpa,bfloat16,False,1,8,512,160,1342177280.0,0.487744003534317,0.4929088056087494,8397847.990583878,2.751806829554525,10.749245427947363,ok,
standard_eager,torch_sdpa,bfloat16,False,1,8,512,160,1342177280.0,0.20095999538898468,0.20452479720115663,20382166.072763138,6.678828178723024,26.089172573136814,ok,
torch_sdpa_flash_forced,torch_sdpa,bfloat16,False,1,8,512,160,1342177280.0,0.060864001512527466,0.06314240172505378,67297579.82075714,22.052070955665695,86.14090217056912,ok,
torch_sdpa_efficient_forced,torch_sdpa,bfloat16,False,1,8,512,160,1342177280.0,0.08767999708652496,0.08967679738998413,46715330.019433714,15.30767934076804,59.795622424875155,ok,
torch_sdpa_cudnn_forced,torch_sdpa,bfloat16,False,1,8,512,160,1342177280.0,nan,nan,nan,nan,nan,unsupported,No available kernel. Aborting execution.
tiledattention,torch_sdpa,bfloat16,False,1,8,1024,64,2147483648.0,0.06099199876189232,0.07330560237169266,134312699.47359627,35.20926829080642,68.7681021304813,ok,
torch_sdpa,torch_sdpa,bfloat16,False,1,8,1024,64,2147483648.0,0.047807998955249786,0.04869760200381279,171352078.7110969,44.91891932164179,87.73226430008162,ok,
torch_sdpa_math,torch_sdpa,bfloat16,False,1,8,1024,64,2147483648.0,1.465183973312378,1.8539199590682984,5591106.747830542,1.4656750873032895,2.8626466548892373,ok,
standard_eager,torch_sdpa,bfloat16,False,1,8,1024,64,2147483648.0,0.9818879961967468,1.1785088300704956,8343110.448168183,2.1870963453246,4.271672549462109,ok,
torch_sdpa_flash_forced,torch_sdpa,bfloat16,False,1,8,1024,64,2147483648.0,0.05177599936723709,0.05767040103673935,158220026.65551153,41.47643066758241,81.0086536476219,ok,
torch_sdpa_efficient_forced,torch_sdpa,bfloat16,False,1,8,1024,64,2147483648.0,0.07952000200748444,0.08598399758338929,103018106.05121674,27.00557839269016,52.74527029822297,ok,
torch_sdpa_cudnn_forced,torch_sdpa,bfloat16,False,1,8,1024,64,2147483648.0,0.049536000937223434,0.05310079902410507,165374673.87368745,43.35197850794392,84.67183302332798,ok,
tiledattention,torch_sdpa,bfloat16,False,1,8,1024,96,3221225472.0,0.12643200159072876,0.1286912053823471,64793722.2928591,25.477928305108883,49.761578720915786,ok,
torch_sdpa,torch_sdpa,bfloat16,False,1,8,1024,96,3221225472.0,0.06419199705123901,0.0651903972029686,127617154.4166327,50.181106991090644,98.0099745919739,ok,
torch_sdpa_math,torch_sdpa,bfloat16,False,1,8,1024,96,3221225472.0,1.5729279518127441,1.5840255260467528,5208121.573883285,2.0479167327960894,3.9998373687423623,ok,
standard_eager,torch_sdpa,bfloat16,False,1,8,1024,96,3221225472.0,1.0314240455627441,1.2834816694259643,7942417.122465331,3.123085491227328,6.099776350053374,ok,
torch_sdpa_flash_forced,torch_sdpa,bfloat16,False,1,8,1024,96,3221225472.0,0.0681919977068901,0.07041919827461243,120131397.75156172,47.237587698278084,92.26091347319938,ok,
torch_sdpa_efficient_forced,torch_sdpa,bfloat16,False,1,8,1024,96,3221225472.0,0.14390400052070618,0.145209601521492,56926839.909647,22.384544281911758,43.7198130506089,ok,
torch_sdpa_cudnn_forced,torch_sdpa,bfloat16,False,1,8,1024,96,3221225472.0,0.0692799985408783,0.07330560386180877,118244806.18553065,46.495749709049626,90.81201115048755,ok,
tiledattention,torch_sdpa,bfloat16,False,1,8,1024,128,4294967296.0,0.09692800045013428,0.09812480211257935,84516341.63457718,44.3109037229092,86.54473383380704,ok,
torch_sdpa,torch_sdpa,bfloat16,False,1,8,1024,128,4294967296.0,0.0907839983701706,0.09267839640378953,90236166.58298331,47.30973930545915,92.40183458097492,ok,
torch_sdpa_math,torch_sdpa,bfloat16,False,1,8,1024,128,4294967296.0,1.788383960723877,1.8019839525222778,4580671.813162626,2.4015912635794066,4.6906079366785285,ok,
standard_eager,torch_sdpa,bfloat16,False,1,8,1024,128,4294967296.0,1.0407999753952026,1.0460352659225465,7870868.748713615,4.126602034525564,8.059769598682742,ok,
torch_sdpa_flash_forced,torch_sdpa,bfloat16,False,1,8,1024,128,4294967296.0,0.09414400160312653,0.09512320160865784,87015634.14028434,45.6212527921414,89.10400935965117,ok,
torch_sdpa_efficient_forced,torch_sdpa,bfloat16,False,1,8,1024,128,4294967296.0,0.15622399747371674,0.15690239369869233,52437526.45222274,27.492365868582958,53.69602708707609,ok,
torch_sdpa_cudnn_forced,torch_sdpa,bfloat16,False,1,8,1024,128,4294967296.0,0.0713919997215271,0.07355520129203796,114746750.78375533,60.160344474913515,117.50067280256546,ok,
tiledattention,torch_sdpa,bfloat16,False,1,8,1024,160,5368709120.0,0.3564479947090149,0.3622592091560364,22982314.732020058,15.061689782776664,29.417362856985672,ok,
torch_sdpa,torch_sdpa,bfloat16,False,1,8,1024,160,5368709120.0,0.11456000059843063,0.15439999103546143,71508379.5147276,46.86373159877189,91.53072577885135,ok,
torch_sdpa_math,torch_sdpa,bfloat16,False,1,8,1024,160,5368709120.0,2.1121599674224854,2.5807809352874758,3878494.11330188,2.5418099020935205,4.964472465026407,ok,
standard_eager,torch_sdpa,bfloat16,False,1,8,1024,160,5368709120.0,1.0147839784622192,1.0204544067382812,8072654.056298733,5.290494562335938,10.332997192062377,ok,
torch_sdpa_flash_forced,torch_sdpa,bfloat16,False,1,8,1024,160,5368709120.0,0.11737599968910217,0.1185344010591507,69792802.80209269,45.73941124437946,89.33478758667863,ok,
torch_sdpa_efficient_forced,torch_sdpa,bfloat16,False,1,8,1024,160,5368709120.0,0.3038400113582611,0.3058495998382568,26961557.70722613,17.66952645900772,34.510793865249454,ok,
torch_sdpa_cudnn_forced,torch_sdpa,bfloat16,False,1,8,1024,160,5368709120.0,nan,nan,nan,nan,nan,unsupported,No available kernel. Aborting execution.
tiledattention,torch_sdpa,bfloat16,False,1,8,2048,64,8589934592.0,0.17679999768733978,0.1784127950668335,92669684.47009894,48.585603531459235,47.44687844869066,ok,
torch_sdpa,torch_sdpa,bfloat16,False,1,8,2048,64,8589934592.0,0.12150400131940842,0.1612736016511917,134843295.87574583,70.69672190810303,69.03976748838187,ok,
torch_sdpa_math,torch_sdpa,bfloat16,False,1,8,2048,64,8589934592.0,6.097856044769287,6.5425409317016605,2686845.9799168464,1.4086811051186436,1.3756651417174253,ok,
standard_eager,torch_sdpa,bfloat16,False,1,8,2048,64,8589934592.0,4.212992191314697,4.644562911987305,3888922.4702994865,2.0389153841083774,1.991128304793337,ok,
torch_sdpa_flash_forced,torch_sdpa,bfloat16,False,1,8,2048,64,8589934592.0,0.12460800260305405,0.12635520994663238,131484332.12746516,68.93565752244446,67.31997804926216,ok,
torch_sdpa_efficient_forced,torch_sdpa,bfloat16,False,1,8,2048,64,8589934592.0,0.2555199861526489,0.2582399845123291,64120228.897523955,33.61746656822504,32.82955719553227,ok,
torch_sdpa_cudnn_forced,torch_sdpa,bfloat16,False,1,8,2048,64,8589934592.0,0.1598079949617386,0.1886847972869873,102523030.86539993,53.751594806358796,52.491791803084766,ok,
tiledattention,torch_sdpa,bfloat16,False,1,8,2048,96,12884901888.0,0.4069119989871979,0.4102847933769226,40264234.13607783,31.665082180103962,30.922931816507774,ok,
torch_sdpa,torch_sdpa,bfloat16,False,1,8,2048,96,12884901888.0,0.16463999450206757,0.1668032020330429,99514094.67396604,78.26106850263646,76.42682470960592,ok,
torch_sdpa_math,torch_sdpa,bfloat16,False,1,8,2048,96,12884901888.0,6.257760047912598,6.691904067993164,2618189.2361732875,2.059027797382231,2.0107693333810848,ok,
standard_eager,torch_sdpa,bfloat16,False,1,8,2048,96,12884901888.0,4.207424163818359,4.66599063873291,3894068.9985321197,3.062420470653612,2.990644990872668,ok,
torch_sdpa_flash_forced,torch_sdpa,bfloat16,False,1,8,2048,96,12884901888.0,0.17052799463272095,0.1715455949306488,96078066.45054063,75.55886595483156,73.7879550340152,ok,
torch_sdpa_efficient_forced,torch_sdpa,bfloat16,False,1,8,2048,96,12884901888.0,0.5242879986763,0.5549760103225708,31250000.078898665,24.576000062048433,24.000000060594175,ok,
torch_sdpa_cudnn_forced,torch_sdpa,bfloat16,False,1,8,2048,96,12884901888.0,0.22256000339984894,0.26334079802036287,73616102.39807859,57.89405864112575,56.53716664172436,ok,
tiledattention,torch_sdpa,bfloat16,False,1,8,2048,128,17179869184.0,0.2972480058670044,0.29953280091285706,55118956.81927831,57.79641526573157,56.44181178294099,ok,
torch_sdpa,torch_sdpa,bfloat16,False,1,8,2048,128,17179869184.0,0.23695999383926392,0.23945599496364595,69142473.1008125,72.50113787415756,70.801892455232,ok,
torch_sdpa_math,torch_sdpa,bfloat16,False,1,8,2048,128,17179869184.0,6.95795202255249,7.590284633636474,2354715.86278481,2.4690985405354446,2.4112290434916455,ok,
standard_eager,torch_sdpa,bfloat16,False,1,8,2048,128,17179869184.0,4.217887878417969,4.229350280761719,3884408.6121476647,4.07309764489135,3.9776344188392088,ok,
torch_sdpa_flash_forced,torch_sdpa,bfloat16,False,1,8,2048,128,17179869184.0,0.24214400351047516,0.24439039528369905,67662216.54252622,70.94897637329596,69.28610973954684,ok,
torch_sdpa_efficient_forced,torch_sdpa,bfloat16,False,1,8,2048,128,17179869184.0,0.5700479745864868,0.6618879675865174,28741440.598723233,30.13758481724681,29.431235173092592,ok,
torch_sdpa_cudnn_forced,torch_sdpa,bfloat16,False,1,8,2048,128,17179869184.0,0.2274560034275055,0.35311360359191896,72031512.70184824,75.53051546285322,73.7602690066926,ok,
tiledattention,torch_sdpa,bfloat16,False,1,8,2048,160,21474836480.0,1.1699520349502563,1.5745728492736817,14003992.907877296,18.35531358421293,17.92511092208294,ok,
torch_sdpa,torch_sdpa,bfloat16,False,1,8,2048,160,21474836480.0,0.3110400140285492,0.3119871973991394,52674894.74359454,69.04203803832424,67.42386527180102,ok,
torch_sdpa_math,torch_sdpa,bfloat16,False,1,8,2048,160,21474836480.0,8.003456115722656,8.71745948791504,2047115.6164414901,2.6831953807821898,2.6203079890451075,ok,
standard_eager,torch_sdpa,bfloat16,False,1,8,2048,160,21474836480.0,4.379072189331055,4.812256240844727,3741431.8128660065,4.903969505759733,4.789032720468489,ok,
torch_sdpa_flash_forced,torch_sdpa,bfloat16,False,1,8,2048,160,21474836480.0,0.3160000145435333,0.3205503821372986,51848098.8795742,67.9583401634355,66.36556656585498,ok,
torch_sdpa_efficient_forced,torch_sdpa,bfloat16,False,1,8,2048,160,21474836480.0,1.0850880146026611,1.08951678276062,15099235.987782532,19.79087059390632,19.327022064361643,ok,
torch_sdpa_cudnn_forced,torch_sdpa,bfloat16,False,1,8,2048,160,21474836480.0,nan,nan,nan,nan,nan,unsupported,No available kernel. Aborting execution.
tiledattention,torch_sdpa,bfloat16,False,1,8,4096,64,34359738368.0,0.5821760296821594,0.675871980190277,56285381.61883748,59.01950031635413,28.81811538884479,ok,
torch_sdpa,torch_sdpa,bfloat16,False,1,8,4096,64,34359738368.0,0.42236799001693726,0.4249663889408112,77581636.80606094,81.35024239555216,39.7217980447032,ok,
torch_sdpa_math,torch_sdpa,bfloat16,False,1,8,4096,64,34359738368.0,23.475072860717773,24.56910171508789,1395863.6121991607,1.4636690830253472,0.7146821694459703,ok,
standard_eager,torch_sdpa,bfloat16,False,1,8,4096,64,34359738368.0,15.988927841186523,16.768493270874025,2049418.2177488843,2.1489707570942542,1.0493021274874288,ok,
torch_sdpa_flash_forced,torch_sdpa,bfloat16,False,1,8,4096,64,34359738368.0,0.4256959855556488,0.42798081040382385,76975121.00620086,80.71426448419808,39.411261955174844,ok,
torch_sdpa_efficient_forced,torch_sdpa,bfloat16,False,1,8,4096,64,34359738368.0,0.8391039967536926,0.9103743672370911,39051178.5508973,40.94812860018569,19.994203418059417,ok,
torch_sdpa_cudnn_forced,torch_sdpa,bfloat16,False,1,8,4096,64,34359738368.0,0.437824010848999,0.5462015867233276,74842857.37654836,78.47842401647158,38.31954297679276,ok,
tiledattention,torch_sdpa,bfloat16,False,1,8,4096,96,51539607552.0,1.3421440124511719,1.687936043739319,24414667.64818736,38.40095181579857,18.750464753807897,ok,
torch_sdpa,torch_sdpa,bfloat16,False,1,8,4096,96,51539607552.0,0.6047999858856201,0.9284863710403443,54179895.444304936,85.21760706811123,41.61015970122619,ok,
torch_sdpa_math,torch_sdpa,bfloat16,False,1,8,4096,96,51539607552.0,24.539520263671875,25.203673553466796,1335315.4278451607,2.1002695651022507,1.0255222485850835,ok,
standard_eager,torch_sdpa,bfloat16,False,1,8,4096,96,51539607552.0,16.433504104614258,17.15333023071289,1993975.2222898882,3.136251844031763,1.531372970718634,ok,
torch_sdpa_flash_forced,torch_sdpa,bfloat16,False,1,8,4096,96,51539607552.0,0.6087039709091187,0.613644802570343,53832407.15689755,84.67105525042652,41.343288696497325,ok,
torch_sdpa_efficient_forced,torch_sdpa,bfloat16,False,1,8,4096,96,51539607552.0,1.8920960426330566,2.1218814849853516,17318359.777551133,27.239424633158183,13.30050030915927,ok,
torch_sdpa_cudnn_forced,torch_sdpa,bfloat16,False,1,8,4096,96,51539607552.0,0.8292800188064575,1.1193535566329955,39513794.2032673,62.14982440572782,30.346593948109287,ok,
tiledattention,torch_sdpa,bfloat16,False,1,8,4096,128,68719476736.0,1.0247999429702759,1.3070016622543335,31975021.295400705,67.05647985969217,32.74242180649032,ok,
torch_sdpa,torch_sdpa,bfloat16,False,1,8,4096,128,68719476736.0,0.9083520174026489,1.302572774887085,36074120.35446033,75.65291364959718,36.93989924296738,ok,
torch_sdpa_math,torch_sdpa,bfloat16,False,1,8,4096,128,68719476736.0,27.884159088134766,29.045791244506837,1175147.5056654443,2.464462941801298,1.203351045801415,ok,
standard_eager,torch_sdpa,bfloat16,False,1,8,4096,128,68719476736.0,16.658687591552734,17.136333847045897,1967021.7008341013,4.125143493947637,2.01423022165412,ok,
torch_sdpa_flash_forced,torch_sdpa,bfloat16,False,1,8,4096,128,68719476736.0,0.9142079949378967,0.995577597618103,35843046.8574342,75.16831740316185,36.70327998201262,ok,
torch_sdpa_efficient_forced,torch_sdpa,bfloat16,False,1,8,4096,128,68719476736.0,2.080575942993164,2.329049491882324,15749485.189595727,33.029064364331056,16.127472834146026,ok,
torch_sdpa_cudnn_forced,torch_sdpa,bfloat16,False,1,8,4096,128,68719476736.0,0.8504319787025452,0.8650495648384094,38531006.38335854,80.80537709887312,39.455750536559144,ok,
tiledattention,torch_sdpa,bfloat16,False,1,8,4096,160,85899345920.0,4.2867841720581055,4.671520042419433,7643958.427761929,20.038178380872232,9.78426678753527,ok,
torch_sdpa,torch_sdpa,bfloat16,False,1,8,4096,160,85899345920.0,1.204800009727478,1.62325758934021,27197874.946408756,71.29759729951378,34.813279931403216,ok,
torch_sdpa_math,torch_sdpa,bfloat16,False,1,8,4096,160,85899345920.0,31.651199340820312,32.50915756225586,1035284.6237248065,2.7139365240171567,1.3251643183677524,ok,
standard_eager,torch_sdpa,bfloat16,False,1,8,4096,160,85899345920.0,17.210079193115234,17.635303497314453,1904000.5355180814,4.991223163828519,2.437120685463144,ok,
torch_sdpa_flash_forced,torch_sdpa,bfloat16,False,1,8,4096,160,85899345920.0,1.20579195022583,1.210220742225647,27175500.710435957,71.23894458236524,34.784640909358025,ok,
torch_sdpa_efficient_forced,torch_sdpa,bfloat16,False,1,8,4096,160,85899345920.0,4.188479900360107,4.4696320533752445,7823363.315455506,20.50847752966768,10.013905043783046,ok,
torch_sdpa_cudnn_forced,torch_sdpa,bfloat16,False,1,8,4096,160,85899345920.0,nan,nan,nan,nan,nan,unsupported,No available kernel. Aborting execution.
tiledattention,torch_sdpa,bfloat16,False,1,8,8192,64,137438953472.0,2.2178239822387695,2.502745485305786,29549684.972675364,61.97018093981609,15.129438706009786,ok,
torch_sdpa,torch_sdpa,bfloat16,False,1,8,8192,64,137438953472.0,1.4861760139465332,1.7062016487121583,44097064.80591721,92.4782476518589,22.577697180629613,ok,
torch_sdpa_math,torch_sdpa,bfloat16,False,1,8,8192,64,137438953472.0,94.10441589355469,95.17506103515625,696417.9032164699,1.4604941985662263,0.3565659664468326,ok,
standard_eager,torch_sdpa,bfloat16,False,1,8,8192,64,137438953472.0,64.96832275390625,68.49449157714844,1008737.7543706038,2.1154763990538203,0.5164737302377491,ok,
torch_sdpa_flash_forced,torch_sdpa,bfloat16,False,1,8,8192,64,137438953472.0,1.4924800395965576,1.4981247663497925,43910805.00997218,92.08763254827318,22.482332165105756,ok,
torch_sdpa_efficient_forced,torch_sdpa,bfloat16,False,1,8,8192,64,137438953472.0,3.2024319171905518,3.5359169483184814,20464447.54944043,42.917057107204094,10.477797145313499,ok,
torch_sdpa_cudnn_forced,torch_sdpa,bfloat16,False,1,8,8192,64,137438953472.0,1.7068480253219604,1.9482112646102905,38395919.863830894,80.52208013427268,19.65871097028142,ok,
tiledattention,torch_sdpa,bfloat16,False,1,8,8192,96,206158430208.0,4.837855815887451,5.694278621673584,13546497.145446273,42.61359537235042,10.403709807702738,ok,
torch_sdpa,torch_sdpa,bfloat16,False,1,8,8192,96,206158430208.0,2.132512092590332,2.4863230705261232,30731830.4208978,96.67397944627,23.60204576324951,ok,
torch_sdpa_math,torch_sdpa,bfloat16,False,1,8,8192,96,206158430208.0,96.38313293457031,97.48753509521484,679952.995971703,2.1389471781120735,0.5222039009062679,ok,
standard_eager,torch_sdpa,bfloat16,False,1,8,8192,96,206158430208.0,65.45494079589844,66.53750305175781,1001238.3970272668,3.14962366020379,0.768951088916941,ok,
torch_sdpa_flash_forced,torch_sdpa,bfloat16,False,1,8,8192,96,206158430208.0,2.1409599781036377,2.526336097717285,30610567.53524591,96.29251939151405,23.508915867068858,ok,
torch_sdpa_efficient_forced,torch_sdpa,bfloat16,False,1,8,8192,96,206158430208.0,7.427680015563965,7.827071952819824,8823212.613181481,27.755426967238158,6.776227286923378,ok,
torch_sdpa_cudnn_forced,torch_sdpa,bfloat16,False,1,8,8192,96,206158430208.0,2.976128101348877,3.5935168266296387,22020557.505672213,69.27068432120323,16.91178816435626,ok,
tiledattention,torch_sdpa,bfloat16,False,1,8,8192,128,274877906944.0,4.023583889007568,4.93987808227539,16287966.60088146,68.31668346594351,16.678877799302615,ok,
torch_sdpa,torch_sdpa,bfloat16,False,1,8,8192,128,274877906944.0,3.2015039920806885,4.049715232849121,20470378.97254269,85.85899240605168,20.961668067883714,ok,
torch_sdpa_math,torch_sdpa,bfloat16,False,1,8,8192,128,274877906944.0,110.50806427001953,111.62740783691406,593042.6927021985,2.487401338171602,0.6072757173270513,ok,
standard_eager,torch_sdpa,bfloat16,False,1,8,8192,128,274877906944.0,66.15846252441406,67.18810577392578,990591.3393288974,4.154841216912552,1.0143655314727908,ok,
torch_sdpa_flash_forced,torch_sdpa,bfloat16,False,1,8,8192,128,274877906944.0,3.214047908782959,3.536012887954712,20390486.346177727,85.52389844371862,20.879858018485994,ok,
torch_sdpa_efficient_forced,torch_sdpa,bfloat16,False,1,8,8192,128,274877906944.0,8.115903854370117,8.380269050598145,8075009.410653782,33.8690442711428,8.268809636509474,ok,
torch_sdpa_cudnn_forced,torch_sdpa,bfloat16,False,1,8,8192,128,274877906944.0,2.9850881099700928,3.550214338302612,21954460.835213535,92.08368289897948,22.48136789525866,ok,
tiledattention,torch_sdpa,bfloat16,False,1,8,8192,160,343597383680.0,25.925567626953125,27.68005027770996,2527852.078033828,13.253225102881997,3.2356506598832997,ok,
torch_sdpa,torch_sdpa,bfloat16,False,1,8,8192,160,343597383680.0,4.221407890319824,5.14583683013916,15524678.425480187,81.39402602338156,19.87158838461464,ok,
torch_sdpa_math,torch_sdpa,bfloat16,False,1,8,8192,160,343597383680.0,125.51634979248047,126.46242218017578,522131.18138276343,2.7374711282480626,0.6683279121699371,ok,
standard_eager,torch_sdpa,bfloat16,False,1,8,8192,160,343597383680.0,69.591552734375,70.214306640625,941723.4912137296,4.937343257614638,1.205406068753574,ok,
torch_sdpa_flash_forced,torch_sdpa,bfloat16,False,1,8,8192,160,343597383680.0,4.227039813995361,5.024486255645752,15503994.02035817,81.28558016945544,19.845112346058457,ok,
torch_sdpa_efficient_forced,torch_sdpa,bfloat16,False,1,8,8192,160,343597383680.0,16.117183685302734,16.203642272949217,4066219.091351692,21.318698749665955,5.204760436930165,ok,
torch_sdpa_cudnn_forced,torch_sdpa,bfloat16,False,1,8,8192,160,343597383680.0,nan,nan,nan,nan,nan,unsupported,No available kernel. Aborting execution.
tiledattention,torch_sdpa,float16,True,1,8,512,64,268959744.0,0.030208000913262367,0.0336896002292633,135593216.2396656,8.903592951161402,69.42372671470879,ok,
torch_sdpa,torch_sdpa,float16,True,1,8,512,64,268959744.0,0.02022399939596653,0.021350400522351265,202531651.61866575,13.299038371888068,103.69620562875687,ok,
torch_sdpa_math,torch_sdpa,float16,True,1,8,512,64,268959744.0,0.3245759904384613,0.3308223903179169,12619540.941604521,0.8286495363895193,6.461204962101514,ok,
standard_eager,torch_sdpa,float16,True,1,8,512,64,268959744.0,0.1507200002670288,0.15325440168380738,27176220.758646276,1.784499359895749,13.914225028426893,ok,
torch_sdpa_flash_forced,torch_sdpa,float16,True,1,8,512,64,268959744.0,0.02505600079894066,0.025356798991560937,163473813.43367353,10.734344485308739,83.69859247804085,ok,
torch_sdpa_efficient_forced,torch_sdpa,float16,True,1,8,512,64,268959744.0,0.03843199834227562,0.0387968011200428,106577856.38729993,6.998328361815662,54.56786247029756,ok,
torch_sdpa_cudnn_forced,torch_sdpa,float16,True,1,8,512,64,268959744.0,0.02582399919629097,0.028563199564814568,158612148.67867163,10.415108130836293,81.20942012347987,ok,
tiledattention,torch_sdpa,float16,True,1,8,512,96,403439616.0,0.05795200169086456,0.06555520147085189,70679180.70974389,6.9616165831869345,54.281610785083316,ok,
torch_sdpa,torch_sdpa,float16,True,1,8,512,96,403439616.0,0.036288000643253326,0.037100798636674884,112874777.54058982,11.117714088637936,86.68782915117299,ok,
torch_sdpa_math,torch_sdpa,float16,True,1,8,512,96,403439616.0,0.3657599985599518,0.7318975746631622,11198600.219068581,1.1030173271773789,8.60052496824467,ok,
standard_eager,torch_sdpa,float16,True,1,8,512,96,403439616.0,0.15833599865436554,0.16423039734363556,25869038.215000186,2.5479967880246583,19.867421349120143,ok,
torch_sdpa_flash_forced,torch_sdpa,float16,True,1,8,512,96,403439616.0,0.040672000497579575,0.04154879897832871,100708102.62317331,9.919345275972079,77.3438228145971,ok,
torch_sdpa_efficient_forced,torch_sdpa,float16,True,1,8,512,96,403439616.0,0.04575999826192856,0.048268801718950274,89510492.91030663,8.816425509693563,68.74405855511549,ok,
torch_sdpa_cudnn_forced,torch_sdpa,float16,True,1,8,512,96,403439616.0,0.033504001796245575,0.04535680189728737,122254052.66241938,12.041535171037658,93.89111244473808,ok,
tiledattention,torch_sdpa,float16,True,1,8,512,128,537919488.0,0.0352960005402565,0.036588799208402634,116047142.37604195,15.240239113960838,118.83227379306696,ok,
torch_sdpa,torch_sdpa,float16,True,1,8,512,128,537919488.0,0.04560000076889992,0.04974720180034638,89824559.8889014,11.796479801089642,91.98034932623503,ok,
torch_sdpa_math,torch_sdpa,float16,True,1,8,512,128,537919488.0,0.4222399890422821,0.44155519604682925,9700644.43514808,1.273966232379127,9.933459901591634,ok,
standard_eager,torch_sdpa,float16,True,1,8,512,128,537919488.0,0.1624639928340912,0.16441600918769836,25211740.328103658,3.3110074338091966,25.816822095978146,ok,
torch_sdpa_flash_forced,torch_sdpa,float16,True,1,8,512,128,537919488.0,0.05344000086188316,0.1489664062857628,76646705.3506642,10.065858520292027,78.48622627908014,ok,
torch_sdpa_efficient_forced,torch_sdpa,float16,True,1,8,512,128,537919488.0,0.04956800118088722,0.07082879617810249,82633955.42322907,10.852152097821826,84.61717035338657,ok,
torch_sdpa_cudnn_forced,torch_sdpa,float16,True,1,8,512,128,537919488.0,0.03407999873161316,0.03540480136871338,120187797.90037033,15.784023122659836,123.07230504997922,ok,
tiledattention,torch_sdpa,float16,True,1,8,512,160,672399360.0,0.09340800344944,0.0962752029299736,43850632.15934262,7.198519775277685,56.12880916395855,ok,
torch_sdpa,torch_sdpa,float16,True,1,8,512,160,672399360.0,0.044544000178575516,0.04684160202741623,91954022.61986491,15.095172353277025,117.7011489534271,ok,
torch_sdpa_math,torch_sdpa,float16,True,1,8,512,160,672399360.0,0.5357440114021301,0.5386816263198853,7645442.436734094,1.2550758304142688,9.78616631901964,ok,
standard_eager,torch_sdpa,float16,True,1,8,512,160,672399360.0,0.16512000560760498,0.16846080720424653,24806200.707949523,4.072185908216994,31.75193690617539,ok,
torch_sdpa_flash_forced,torch_sdpa,float16,True,1,8,512,160,672399360.0,0.0496320016682148,0.054163198173046115,82527398.9024535,13.547697803826766,105.63507059514048,ok,
torch_sdpa_efficient_forced,torch_sdpa,float16,True,1,8,512,160,672399360.0,0.06710399687290192,0.06940799951553345,61039583.19737666,10.020257977681354,78.13066649264212,ok,
torch_sdpa_cudnn_forced,torch_sdpa,float16,True,1,8,512,160,672399360.0,nan,nan,nan,nan,nan,unsupported,No available kernel. Aborting execution.
tiledattention,torch_sdpa,float16,True,1,8,1024,64,1074790400.0,0.04966399818658829,0.050624001771211624,164948459.63111043,21.64123790360169,84.45361133112854,ok,
torch_sdpa,torch_sdpa,float16,True,1,8,1024,64,1074790400.0,0.04649600014090538,0.04662400111556053,176187198.36489755,23.11576042547456,90.20784556282754,ok,
torch_sdpa_math,torch_sdpa,float16,True,1,8,1024,64,1074790400.0,1.7983039617538452,2.011577677726746,4555403.410228006,0.5976689274219145,2.332366546036739,ok,
standard_eager,torch_sdpa,float16,True,1,8,1024,64,1074790400.0,0.7816320061683655,0.7860288023948669,10480635.305810932,1.3750593521223944,5.366085276575197,ok,
torch_sdpa_flash_forced,torch_sdpa,float16,True,1,8,1024,64,1074790400.0,0.05097600072622299,0.05161599814891815,160703073.6678777,21.084243265225556,82.27997371795338,ok,
torch_sdpa_efficient_forced,torch_sdpa,float16,True,1,8,1024,64,1074790400.0,0.07132799923419952,0.07331839799880982,114849709.62247592,15.06828190246884,58.803051326707674,ok,
torch_sdpa_cudnn_forced,torch_sdpa,float16,True,1,8,1024,64,1074790400.0,0.053247999399900436,0.055500800162553786,153846155.57998443,20.184615612093957,78.76923165695203,ok,
tiledattention,torch_sdpa,float16,True,1,8,1024,96,1612185600.0,0.09561599791049957,0.09786879867315293,85676039.35554846,16.861044545171936,65.79919822506122,ok,
torch_sdpa,torch_sdpa,float16,True,1,8,1024,96,1612185600.0,0.0628800019621849,0.06525440365076066,130279894.15341535,25.63908316939214,100.054958709823,ok,
torch_sdpa_math,torch_sdpa,float16,True,1,8,1024,96,1612185600.0,1.9242240190505981,1.9341119289398194,4257300.563185927,0.8378367508349904,3.269606832526792,ok,
standard_eager,torch_sdpa,float16,True,1,8,1024,96,1612185600.0,0.8152639865875244,0.8221887826919556,10048279.005049035,1.97750130819365,7.717078275877659,ok,
torch_sdpa_flash_forced,torch_sdpa,float16,True,1,8,1024,96,1612185600.0,0.06796800345182419,0.06920959651470185,120527300.84688304,23.719772806666587,92.5649670504062,ok,
torch_sdpa_efficient_forced,torch_sdpa,float16,True,1,8,1024,96,1612185600.0,0.10502400249242783,0.10522879511117936,78001216.91791968,15.350639489446591,59.90493459296231,ok,
torch_sdpa_cudnn_forced,torch_sdpa,float16,True,1,8,1024,96,1612185600.0,0.051711998879909515,0.06078080013394356,158415845.01547185,31.176238299044858,121.66336897188239,ok,
tiledattention,torch_sdpa,float16,True,1,8,1024,128,2149580800.0,0.06630399823188782,0.07600640207529068,123552126.8468572,32.420078084615334,126.51737789118178,ok,
torch_sdpa,torch_sdpa,float16,True,1,8,1024,128,2149580800.0,0.06419199705123901,0.06526079773902893,127617154.4166327,33.48674131892442,130.67996612263187,ok,
torch_sdpa_math,torch_sdpa,float16,True,1,8,1024,128,2149580800.0,2.143968105316162,2.1594560146331787,3820952.363837502,1.0026179002709605,3.912655220569602,ok,
standard_eager,torch_sdpa,float16,True,1,8,1024,128,2149580800.0,0.8267199993133545,0.832806408405304,9909038.13480259,2.6001316065721998,10.146855050037852,ok,
torch_sdpa_flash_forced,torch_sdpa,float16,True,1,8,1024,128,2149580800.0,0.0695360004901886,0.07015039771795273,117809479.15110356,30.91320732924957,120.63690665073004,ok,
torch_sdpa_efficient_forced,torch_sdpa,float16,True,1,8,1024,128,2149580800.0,0.11452800035476685,0.15556480288505553,71528359.65549132,18.769041573600923,73.24504028722312,ok,
torch_sdpa_cudnn_forced,torch_sdpa,float16,True,1,8,1024,128,2149580800.0,0.060896001756191254,0.06350719779729844,134524431.22289428,35.29921075288746,137.75301757224375,ok,
tiledattention,torch_sdpa,float16,True,1,8,1024,160,2686976000.0,0.23801599442958832,0.2484415978193283,34417855.067397244,11.289056462106295,44.05485448626847,ok,
torch_sdpa,torch_sdpa,float16,True,1,8,1024,160,2686976000.0,0.08460800349712372,0.08606079816818238,96822991.45941305,31.757941198687483,123.93342906804871,ok,
torch_sdpa_math,torch_sdpa,float16,True,1,8,1024,160,2686976000.0,2.489311933517456,2.861728048324585,3290869.211567436,1.0794051013941188,4.2123125908063175,ok,
standard_eager,torch_sdpa,float16,True,1,8,1024,160,2686976000.0,0.8227519989013672,0.8353279829025269,9956827.830183212,3.2658395283000936,12.744739622634512,ok,
torch_sdpa_flash_forced,torch_sdpa,float16,True,1,8,1024,160,2686976000.0,0.08841600269079208,0.08963199704885483,92652910.6800837,30.390154703067456,118.59572567050714,ok,
torch_sdpa_efficient_forced,torch_sdpa,float16,True,1,8,1024,160,2686976000.0,0.18505600094795227,0.18708479404449463,44267680.90759744,14.51979933769196,56.66263156172472,ok,
torch_sdpa_cudnn_forced,torch_sdpa,float16,True,1,8,1024,160,2686976000.0,nan,nan,nan,nan,nan,unsupported,No available kernel. Aborting execution.
tiledattention,torch_sdpa,float16,True,1,8,2048,64,4297064448.0,0.1154559999704361,0.11744000017642975,141906873.65052766,37.218199566071185,72.65631930907016,ok,
torch_sdpa,torch_sdpa,float16,True,1,8,2048,64,4297064448.0,0.08454400300979614,0.08684159517288208,193792574.47866032,50.8263660936672,99.22179813307409,ok,
torch_sdpa_math,torch_sdpa,float16,True,1,8,2048,64,4297064448.0,7.950431823730469,8.365503883361816,2060768.5674502605,0.5404818937223148,1.0551135065345334,ok,
standard_eager,torch_sdpa,float16,True,1,8,2048,64,4297064448.0,3.84118390083313,3.857913589477539,4265351.626733208,1.1186823018465717,2.1838600328874027,ok,
torch_sdpa_flash_forced,torch_sdpa,float16,True,1,8,2048,64,4297064448.0,0.08854400366544724,0.09301119744777679,185037939.57527554,48.53027048828666,94.73942506254107,ok,
torch_sdpa_efficient_forced,torch_sdpa,float16,True,1,8,2048,64,4297064448.0,0.17075200378894806,0.1738688051700592,95952021.85885245,25.16552867696495,49.12743519173245,ok,
torch_sdpa_cudnn_forced,torch_sdpa,float16,True,1,8,2048,64,4297064448.0,0.12415999919176102,0.12698879539966584,131958763.74560419,34.609088885087104,67.56288703774935,ok,
tiledattention,torch_sdpa,float16,True,1,8,2048,96,6445596672.0,0.2709760069847107,0.2911424100399017,60462917.666819245,23.786595513468026,46.43552076811718,ok,
torch_sdpa,torch_sdpa,float16,True,1,8,2048,96,6445596672.0,0.12176000326871872,0.14149759709835052,134559786.13799202,52.93689634497517,103.34191575397786,ok,
torch_sdpa_math,torch_sdpa,float16,True,1,8,2048,96,6445596672.0,8.101759910583496,8.221523475646972,2022276.6634441046,0.7955798176122184,1.5531084775250723,ok,
standard_eager,torch_sdpa,float16,True,1,8,2048,96,6445596672.0,3.8726720809936523,3.879123163223267,4230670.621561169,1.6643796678871363,3.2491550373589773,ok,
torch_sdpa_flash_forced,torch_sdpa,float16,True,1,8,2048,96,6445596672.0,0.1244800016283989,0.12837120294570922,131619535.55326876,51.78017824294035,101.0838033049104,ok,
torch_sdpa_efficient_forced,torch_sdpa,float16,True,1,8,2048,96,6445596672.0,0.3076159954071045,0.3078399896621704,53261209.574999906,20.953385936481563,40.90460895359993,ok,
torch_sdpa_cudnn_forced,torch_sdpa,float16,True,1,8,2048,96,6445596672.0,0.16195200383663177,0.1637119919061661,101165775.11771494,39.79942525751,77.69531529040508,ok,
tiledattention,torch_sdpa,float16,True,1,8,2048,128,8594128896.0,0.17183999717235565,0.17992320656776428,95344508.08659428,50.012389649774505,97.63277628067254,ok,
torch_sdpa,torch_sdpa,float16,True,1,8,2048,128,8594128896.0,0.16118399798870087,0.16330239772796631,101647807.5022592,53.31874753846505,104.08735488231342,ok,
torch_sdpa_math,torch_sdpa,float16,True,1,8,2048,128,8594128896.0,8.820672035217285,9.244729614257812,1857454.8440964,0.9743167937417021,1.9020337603547137,ok,
standard_eager,torch_sdpa,float16,True,1,8,2048,128,8594128896.0,3.9382081031799316,3.9470207691192627,4160267.7082429016,2.1822434647525646,4.260114133240731,ok,
torch_sdpa_flash_forced,torch_sdpa,float16,True,1,8,2048,128,8594128896.0,0.16652800142765045,0.16753279268741608,98385856.18958607,51.60771054911024,100.74711673813614,ok,
torch_sdpa_efficient_forced,torch_sdpa,float16,True,1,8,2048,128,8594128896.0,0.3324800133705139,0.33447041511535647,49278150.087601684,25.848557959550938,50.46082568970412,ok,
torch_sdpa_cudnn_forced,torch_sdpa,float16,True,1,8,2048,128,8594128896.0,0.16432000696659088,0.16764799058437346,99707882.82239516,52.30117168719045,102.10087201013265,ok,
tiledattention,torch_sdpa,float16,True,1,8,2048,160,10742661120.0,0.6558079719543457,0.6641472220420838,24982922.899175398,16.380802886531324,31.978141310944512,ok,
torch_sdpa,torch_sdpa,float16,True,1,8,2048,160,10742661120.0,0.22179199755191803,0.3445631980895996,73871015.09902206,48.43574718012678,94.55489932674823,ok,
torch_sdpa_math,torch_sdpa,float16,True,1,8,2048,160,10742661120.0,9.824064254760742,10.312434768676757,1667741.5349823586,1.0935047696572329,2.134709164777419,ok,
standard_eager,torch_sdpa,float16,True,1,8,2048,160,10742661120.0,3.9772160053253174,4.599232006072998,4119464.464103168,2.701050459823165,5.272914514052055,ok,
torch_sdpa_flash_forced,torch_sdpa,float16,True,1,8,2048,160,10742661120.0,0.2255679965019226,0.22693119943141937,72634417.35565689,47.62493477175711,92.97205421524083,ok,
torch_sdpa_efficient_forced,torch_sdpa,float16,True,1,8,2048,160,10742661120.0,0.6139519810676575,0.6160255908966065,26686126.122613624,17.4975591760753,34.15824143694544,ok,
torch_sdpa_cudnn_forced,torch_sdpa,float16,True,1,8,2048,160,10742661120.0,nan,nan,nan,nan,nan,unsupported,No available kernel. Aborting execution.
tiledattention,torch_sdpa,float16,True,1,8,4096,64,17184063488.0,0.35676801204681396,0.3653439819812775,91846799.30245622,48.16593110299687,47.025561242857584,ok,
torch_sdpa,torch_sdpa,float16,True,1,8,4096,64,17184063488.0,0.2672320008277893,0.2763263821601868,122620045.12369941,64.30391358358995,62.7814631033341,ok,
torch_sdpa_math,torch_sdpa,float16,True,1,8,4096,64,17184063488.0,31.322175979614258,32.837337493896484,1046159.7566314276,0.5486229149336267,0.5356337953952909,ok,
standard_eager,torch_sdpa,float16,True,1,8,4096,64,17184063488.0,14.205344200134277,15.258227729797364,2306737.4882539106,1.2096900466401628,1.1810495939860022,ok,
torch_sdpa_flash_forced,torch_sdpa,float16,True,1,8,4096,64,17184063488.0,0.271263986825943,0.2793599903583527,120797457.79533072,63.348119627196155,61.848298391209326,ok,
torch_sdpa_efficient_forced,torch_sdpa,float16,True,1,8,4096,64,17184063488.0,0.5218240022659302,0.5523136258125305,62795118.38802095,32.9307648045724,32.151100614666724,ok,
torch_sdpa_cudnn_forced,torch_sdpa,float16,True,1,8,4096,64,17184063488.0,0.3261759877204895,0.32808319926261903,100461104.53746808,52.68341059712086,51.43608552318366,ok,
tiledattention,torch_sdpa,float16,True,1,8,4096,96,25776095232.0,0.8135359883308411,1.0213120460510254,40278488.56106685,31.68402578586065,30.933879214899342,ok,
torch_sdpa,torch_sdpa,float16,True,1,8,4096,96,25776095232.0,0.3808000087738037,0.39731199741363527,86050418.18542679,67.68932415469317,66.08672116640777,ok,
torch_sdpa_math,torch_sdpa,float16,True,1,8,4096,96,25776095232.0,31.09280014038086,31.809375762939453,1053877.420240563,0.8290052718193127,0.8093778587447525,ok,
standard_eager,torch_sdpa,float16,True,1,8,4096,96,25776095232.0,14.478303909301758,15.35788803100586,2263248.5272634597,1.780325609510092,1.7381748689383374,ok,
torch_sdpa_flash_forced,torch_sdpa,float16,True,1,8,4096,96,25776095232.0,0.3792960047721863,0.40193281769752504,86391629.72381215,67.957729339864,66.34877162788773,ok,
torch_sdpa_efficient_forced,torch_sdpa,float16,True,1,8,4096,96,25776095232.0,1.0510720014572144,1.1821696519851685,31175790.00731652,24.523624638715347,23.94300672561909,ok,
torch_sdpa_cudnn_forced,torch_sdpa,float16,True,1,8,4096,96,25776095232.0,0.4859839975833893,0.5519295930862427,67426088.43694979,53.0389793906272,51.78323591957744,ok,
tiledattention,torch_sdpa,float16,True,1,8,4096,128,34368126976.0,0.5586240291595459,0.6953791737556457,58658414.76475637,61.522822474548946,60.06621671911052,ok,
torch_sdpa,torch_sdpa,float16,True,1,8,4096,128,34368126976.0,0.5066559910774231,0.5110143780708313,64675046.92941183,67.83325882106887,66.22724805571771,ok,
torch_sdpa_math,torch_sdpa,float16,True,1,8,4096,128,34368126976.0,35.19148635864258,35.98930053710937,931134.299530733,0.9766034496454177,0.9534815227194706,ok,
standard_eager,torch_sdpa,float16,True,1,8,4096,128,34368126976.0,14.730591773986816,16.081497573852538,2224486.327688883,2.3331124440425866,2.277873999553416,ok,
torch_sdpa_flash_forced,torch_sdpa,float16,True,1,8,4096,128,34368126976.0,0.5110399723052979,0.5124480128288269,64120228.897523955,67.25134791504784,65.65911439106453,ok,
torch_sdpa_efficient_forced,torch_sdpa,float16,True,1,8,4096,128,34368126976.0,1.1466879844665527,1.1486144542694092,28576212.92268437,29.971646552124895,29.262042032828795,ok,
torch_sdpa_cudnn_forced,torch_sdpa,float16,True,1,8,4096,128,34368126976.0,0.4943679869174957,0.4996352195739746,66282609.0425402,69.51932140730553,67.87339165956116,ok,
tiledattention,torch_sdpa,float16,True,1,8,4096,160,42960158720.0,2.061471939086914,2.4271039962768555,15895438.292754011,20.839555419332218,20.346161014725137,ok,
torch_sdpa,torch_sdpa,float16,True,1,8,4096,160,42960158720.0,0.6969599723815918,0.8673344254493713,47015612.51506023,61.63934863174456,60.17998401927709,ok,
torch_sdpa_math,torch_sdpa,float16,True,1,8,4096,160,42960158720.0,39.71887969970703,40.25248718261719,824998.0927896538,1.0816054995709476,1.0559975587707569,ok,
standard_eager,torch_sdpa,float16,True,1,8,4096,160,42960158720.0,15.053183555603027,15.53941764831543,2176815.2815623675,2.853891906739526,2.7863235603998304,ok,
torch_sdpa_flash_forced,torch_sdpa,float16,True,1,8,4096,160,42960158720.0,0.701632022857666,0.7065408229827881,46702543.402366,61.228902502237915,59.77925555502847,ok,
torch_sdpa_efficient_forced,torch_sdpa,float16,True,1,8,4096,160,42960158720.0,2.1904640197753906,2.5076033592224123,14959387.465017581,19.61235534213665,19.148015955222505,ok,
torch_sdpa_cudnn_forced,torch_sdpa,float16,True,1,8,4096,160,42960158720.0,nan,nan,nan,nan,nan,unsupported,No available kernel. Aborting execution.
tiledattention,torch_sdpa,float16,True,1,8,8192,64,68727865344.0,1.2732800245285034,1.2793087720870973,51470217.65637769,53.97702313711392,26.352751440065376,ok,
torch_sdpa,torch_sdpa,float16,True,1,8,8192,64,68727865344.0,0.88019198179245,1.0049599647521972,74456483.76225886,78.08281234741592,38.121719686276535,ok,
torch_sdpa_math,torch_sdpa,float16,True,1,8,8192,64,68727865344.0,123.27391815185547,124.90748138427735,531629.0824736276,0.5575215453064232,0.2721940902264974,ok,
standard_eager,torch_sdpa,float16,True,1,8,8192,64,68727865344.0,57.29353713989258,58.28685531616211,1143863.7457481802,1.1995744856210997,0.5856582378230683,ok,
torch_sdpa_flash_forced,torch_sdpa,float16,True,1,8,8192,64,68727865344.0,0.8834559917449951,0.9981119632720947,74181397.38975999,77.79432816823086,37.98087546355711,ok,
torch_sdpa_efficient_forced,torch_sdpa,float16,True,1,8,8192,64,68727865344.0,1.7946879863739014,1.9590848207473754,36516653.86829328,38.29516097829463,18.69652678056616,ok,
torch_sdpa_cudnn_forced,torch_sdpa,float16,True,1,8,8192,64,68727865344.0,1.0354880094528198,1.0378623723983764,63289965.11956813,66.37243958075157,32.404462141218886,ok,
tiledattention,torch_sdpa,float16,True,1,8,8192,96,103091798016.0,2.695647954940796,3.1178944587707518,24311779.98591413,38.24379137752214,18.67144702918205,ok,
torch_sdpa,torch_sdpa,float16,True,1,8,8192,96,103091798016.0,1.2528640031814575,1.4909248352050781,52308949.601537995,82.28490702439696,40.173273293981175,ok,
torch_sdpa_math,torch_sdpa,float16,True,1,8,8192,96,103091798016.0,124.80825805664062,125.4612823486328,525093.4595229939,0.8260014170634027,0.4032717769136593,ok,
standard_eager,torch_sdpa,float16,True,1,8,8192,96,103091798016.0,58.4967041015625,59.47745208740234,1120336.6242004987,1.7623522487183398,0.8604185273859831,ok,
torch_sdpa_flash_forced,torch_sdpa,float16,True,1,8,8192,96,103091798016.0,1.2641600370407104,1.4608511924743652,51841537.52669964,81.54964165560003,39.81430082050532,ok,
torch_sdpa_efficient_forced,torch_sdpa,float16,True,1,8,8192,96,103091798016.0,3.855839967727661,4.092479991912842,16996556.015944287,26.736534420217254,13.05335502024521,ok,
torch_sdpa_cudnn_forced,torch_sdpa,float16,True,1,8,8192,96,103091798016.0,1.6887999773025513,2.0100991249084474,38806253.48223765,61.04440987775483,29.803202674358516,ok,
tiledattention,torch_sdpa,float16,True,1,8,8192,128,137455730688.0,2.1479361057281494,2.6348671436309816,30511149.66838519,63.994329403668445,31.243417260426433,ok,
torch_sdpa,torch_sdpa,float16,True,1,8,8192,128,137455730688.0,1.7225919961929321,1.928441596031189,38044992.74630317,79.79587214603823,38.95807257221445,ok,
torch_sdpa_math,torch_sdpa,float16,True,1,8,8192,128,137455730688.0,138.87677001953125,141.00030822753905,471900.3760728536,0.9897676239782118,0.4832259850986021,ok,
standard_eager,torch_sdpa,float16,True,1,8,8192,128,137455730688.0,58.936031341552734,60.98824768066406,1111985.29164949,2.3322868465879734,1.1386729386490777,ok,
torch_sdpa_flash_forced,torch_sdpa,float16,True,1,8,8192,128,137455730688.0,1.732192039489746,1.92500479221344,37834142.23477497,79.35363259635491,38.74216164840957,ok,
torch_sdpa_efficient_forced,torch_sdpa,float16,True,1,8,8192,128,137455730688.0,4.199840068817139,4.450022506713867,15604403.721605964,32.72880120092612,15.978909410924507,ok,
torch_sdpa_cudnn_forced,torch_sdpa,float16,True,1,8,8192,128,137455730688.0,1.6896640062332153,1.9451328277587892,38786409.46261266,81.3509254981595,39.71728328971536,ok,
tiledattention,torch_sdpa,float16,True,1,8,8192,160,171819663360.0,7.30841588973999,8.018079853057861,8967196.31021594,23.509836598271747,11.478011277076405,ok,
torch_sdpa,torch_sdpa,float16,True,1,8,8192,160,171819663360.0,2.3709120750427246,2.722963285446167,27641683.000336073,72.46985882296111,35.38135424043018,ok,
torch_sdpa_math,torch_sdpa,float16,True,1,8,8192,160,171819663360.0,153.96121215820312,155.63953247070313,425665.6535846078,1.1159931839419814,0.544852036588298,ok,
standard_eager,torch_sdpa,float16,True,1,8,8192,160,171819663360.0,59.810462951660156,60.48632278442383,1095728.0175705599,2.872735887345791,1.4025318624903167,ok,
torch_sdpa_flash_forced,torch_sdpa,float16,True,1,8,8192,160,171819663360.0,2.384160041809082,2.7720129013061525,27488087.56574571,72.06716845636947,35.18475208415451,ok,
torch_sdpa_efficient_forced,torch_sdpa,float16,True,1,8,8192,160,171819663360.0,8.29695987701416,8.301874923706055,7898796.7847790215,20.70874945846225,10.110459884517146,ok,
torch_sdpa_cudnn_forced,torch_sdpa,float16,True,1,8,8192,160,171819663360.0,nan,nan,nan,nan,nan,unsupported,No available kernel. Aborting execution.
tiledattention,torch_sdpa,bfloat16,True,1,8,512,64,268959744.0,0.030239999294281006,0.03179519921541214,135449738.61076233,8.894171636137097,69.3502661687103,ok,
torch_sdpa,torch_sdpa,bfloat16,True,1,8,512,64,268959744.0,0.021088000386953354,0.022374399378895758,194233683.84107667,12.754160615740458,99.44764612663126,ok,
torch_sdpa_math,torch_sdpa,bfloat16,True,1,8,512,64,268959744.0,0.3258880078792572,0.32809600830078123,12568734.967128906,0.8253134128815525,6.43519230317,ok,
standard_eager,torch_sdpa,bfloat16,True,1,8,512,64,268959744.0,0.2091519981622696,0.21358079910278321,19583843.501328338,1.285953499671224,10.026927872680108,ok,
torch_sdpa_flash_forced,torch_sdpa,bfloat16,True,1,8,512,64,268959744.0,0.02502400055527687,0.02802560105919838,163682860.81804243,10.748071372755938,83.80562473883772,ok,
torch_sdpa_efficient_forced,torch_sdpa,bfloat16,True,1,8,512,64,268959744.0,0.03852799907326698,0.03933440148830414,106312294.91598612,6.980890533363312,54.431894996984894,ok,
torch_sdpa_cudnn_forced,torch_sdpa,bfloat16,True,1,8,512,64,268959744.0,0.026847999542951584,0.029452799633145333,152562577.09060207,10.017869062077295,78.11203947038825,ok,
tiledattention,torch_sdpa,bfloat16,True,1,8,512,96,403439616.0,0.059967998415231705,0.06567040383815766,68303096.78903052,6.7275818213323495,52.45677833397544,ok,
torch_sdpa,torch_sdpa,bfloat16,True,1,8,512,96,403439616.0,0.036288000643253326,0.037094398587942126,112874777.54058982,11.117714088637936,86.68782915117299,ok,
torch_sdpa_math,torch_sdpa,bfloat16,True,1,8,512,96,403439616.0,0.36393600702285767,0.37898879647254946,11254725.888506941,1.1085454811143796,8.643629482373331,ok,
standard_eager,torch_sdpa,bfloat16,True,1,8,512,96,403439616.0,0.21139200031757355,0.21528319716453553,19376324.524327278,1.9084904603481396,14.88101723468335,ok,
torch_sdpa_flash_forced,torch_sdpa,bfloat16,True,1,8,512,96,403439616.0,0.040672000497579575,0.04227200150489807,100708102.62317331,9.919345275972079,77.3438228145971,ok,
torch_sdpa_efficient_forced,torch_sdpa,bfloat16,True,1,8,512,96,403439616.0,0.04575999826192856,0.04771199822425842,89510492.91030663,8.816425509693563,68.74405855511549,ok,
torch_sdpa_cudnn_forced,torch_sdpa,bfloat16,True,1,8,512,96,403439616.0,0.03340800106525421,0.04207999929785729,122605360.07525514,12.07613754597233,94.16091653779596,ok,
tiledattention,torch_sdpa,bfloat16,True,1,8,512,128,537919488.0,0.03548799827694893,0.03729279935359955,115419302.26762153,15.157786128202199,118.18936552204445,ok,
torch_sdpa,torch_sdpa,bfloat16,True,1,8,512,128,537919488.0,0.04630399867892265,0.04896000251173973,88458882.96607262,11.617128182168384,90.58189615725836,ok,
torch_sdpa_math,torch_sdpa,bfloat16,True,1,8,512,128,537919488.0,0.4288640022277832,0.7358976244926453,9550813.261833258,1.2542892040500382,9.780032780117256,ok,
standard_eager,torch_sdpa,bfloat16,True,1,8,512,128,537919488.0,0.22278399765491486,0.22643199563026428,18385521.59542702,2.41453378008424,18.82677411371727,ok,
torch_sdpa_flash_forced,torch_sdpa,bfloat16,True,1,8,512,128,537919488.0,0.050624001771211624,0.0538687989115715,80910237.3714216,10.625779653514057,82.85208306833573,ok,
torch_sdpa_efficient_forced,torch_sdpa,bfloat16,True,1,8,512,128,537919488.0,0.049695998430252075,0.050009600818157196,82421123.01554224,10.824201243385131,84.39922996791525,ok,
torch_sdpa_cudnn_forced,torch_sdpa,bfloat16,True,1,8,512,128,537919488.0,0.033440001308918,0.03609599843621254,122488033.48305048,16.086108461262054,125.4277462866437,ok,
tiledattention,torch_sdpa,bfloat16,True,1,8,512,160,672399360.0,0.10700800269842148,0.10899200290441513,38277510.99647823,6.283636205181867,48.995214075492136,ok,
torch_sdpa,torch_sdpa,bfloat16,True,1,8,512,160,672399360.0,0.044704001396894455,0.046611199527978896,91624907.65948628,15.041144841381268,117.27988180414243,ok,
torch_sdpa_math,torch_sdpa,bfloat16,True,1,8,512,160,672399360.0,0.5334720015525818,0.5367616176605224,7678003.696687495,1.2604210868482193,9.827844731759994,ok,
standard_eager,torch_sdpa,bfloat16,True,1,8,512,160,672399360.0,0.23180800676345825,0.24136320650577545,17669795.17743597,2.9006735763278897,22.617337827118046,ok,
torch_sdpa_flash_forced,torch_sdpa,bfloat16,True,1,8,512,160,672399360.0,0.0496320016682148,0.05114240124821663,82527398.9024535,13.547697803826766,105.63507059514048,ok,
torch_sdpa_efficient_forced,torch_sdpa,bfloat16,True,1,8,512,160,672399360.0,0.06700800359249115,0.06835839748382569,61127026.33120969,10.034612642531382,78.2425937039484,ok,
torch_sdpa_cudnn_forced,torch_sdpa,bfloat16,True,1,8,512,160,672399360.0,nan,nan,nan,nan,nan,unsupported,No available kernel. Aborting execution.
tiledattention,torch_sdpa,bfloat16,True,1,8,1024,64,1074790400.0,0.050944000482559204,0.12065280377864837,160804018.5773112,21.097487237343227,82.33165751158333,ok,
torch_sdpa,torch_sdpa,bfloat16,True,1,8,1024,64,1074790400.0,0.045951999723911285,0.05061119869351387,178272981.57249212,23.389415182310966,91.27576656511597,ok,
torch_sdpa_math,torch_sdpa,bfloat16,True,1,8,1024,64,1074790400.0,1.794111967086792,1.8126591920852662,4566047.242470516,0.5990653982121317,2.337816188144904,ok,
standard_eager,torch_sdpa,bfloat16,True,1,8,1024,64,1074790400.0,1.089568018913269,1.0999231815338135,7518576.039126652,0.9864371763334168,3.849510932032846,ok,
torch_sdpa_flash_forced,torch_sdpa,bfloat16,True,1,8,1024,64,1074790400.0,0.05087999999523163,0.0519552007317543,161006289.32326528,21.124025159212405,82.43522013351182,ok,
torch_sdpa_efficient_forced,torch_sdpa,bfloat16,True,1,8,1024,64,1074790400.0,0.07110399752855301,0.07375360131263733,115211525.15666035,15.115752100553838,58.9883008802101,ok,
torch_sdpa_cudnn_forced,torch_sdpa,bfloat16,True,1,8,1024,64,1074790400.0,0.052799999713897705,0.05781759768724441,155151515.99221978,20.35587889817924,79.43757618801652,ok,
tiledattention,torch_sdpa,bfloat16,True,1,8,1024,96,1612185600.0,0.09772799909114838,0.10127360075712204,83824493.24844494,16.496660271293962,64.37721081480571,ok,
torch_sdpa,torch_sdpa,bfloat16,True,1,8,1024,96,1612185600.0,0.06294400244951248,0.06324479728937149,130147427.5737521,25.613013746514415,99.95322437664161,ok,
torch_sdpa_math,torch_sdpa,bfloat16,True,1,8,1024,96,1612185600.0,1.9305280447006226,2.260729694366455,4243398.598889755,0.8351008442615038,3.258930123947332,ok,
standard_eager,torch_sdpa,bfloat16,True,1,8,1024,96,1612185600.0,1.1357760429382324,1.1412480354309082,7212689.553485775,1.4194573041260006,5.539345577077075,ok,
torch_sdpa_flash_forced,torch_sdpa,bfloat16,True,1,8,1024,96,1612185600.0,0.06665600091218948,0.0690048024058342,122899662.26434562,24.186653533623215,94.38694061901742,ok,
torch_sdpa_efficient_forced,torch_sdpa,bfloat16,True,1,8,1024,96,1612185600.0,0.10502400249242783,0.1060992032289505,78001216.91791968,15.350639489446591,59.90493459296231,ok,
torch_sdpa_cudnn_forced,torch_sdpa,bfloat16,True,1,8,1024,96,1612185600.0,0.05164799839258194,0.054259201139211656,158612148.67867163,31.214870859962573,121.81413018521981,ok,
tiledattention,torch_sdpa,bfloat16,True,1,8,1024,128,2149580800.0,0.06892800331115723,0.07173119932413101,118848647.95835422,31.18588522427215,121.70101550935472,ok,
torch_sdpa,torch_sdpa,bfloat16,True,1,8,1024,128,2149580800.0,0.06569600105285645,0.10839679986238479,124695565.4638558,32.72011637771576,127.68825903498835,ok,
torch_sdpa_math,torch_sdpa,bfloat16,True,1,8,1024,128,2149580800.0,2.220288038253784,2.526835250854492,3689611.374226408,0.9681540245970094,3.7781620472078417,ok,
standard_eager,torch_sdpa,bfloat16,True,1,8,1024,128,2149580800.0,1.1624000072479248,1.1667200565338134,7047487.912009926,1.8492608281114045,7.216627621898164,ok,
torch_sdpa_flash_forced,torch_sdpa,bfloat16,True,1,8,1024,128,2149580800.0,0.0681919977068901,0.06938239932060242,120131397.75156172,31.522478770009794,123.0145512975992,ok,
torch_sdpa_efficient_forced,torch_sdpa,bfloat16,True,1,8,1024,128,2149580800.0,0.11302399635314941,0.11339519917964935,72480183.53911027,19.018800160662536,74.21970794404892,ok,
torch_sdpa_cudnn_forced,torch_sdpa,bfloat16,True,1,8,1024,128,2149580800.0,0.05363199859857559,0.06565119624137879,152744634.06287402,40.08019197809814,156.410505280383,ok,
tiledattention,torch_sdpa,bfloat16,True,1,8,1024,160,2686976000.0,0.2727999985218048,0.2757759869098663,30029325.67591351,9.84961882169963,38.437536865169285,ok,
torch_sdpa,torch_sdpa,bfloat16,True,1,8,1024,160,2686976000.0,0.08355200290679932,0.0846847951412201,98046721.98149483,32.159324809930304,125.49980413631337,ok,
torch_sdpa_math,torch_sdpa,bfloat16,True,1,8,1024,160,2686976000.0,2.4852800369262695,2.9583552360534666,3296208.024159585,1.081156231924344,4.219146270924269,ok,
standard_eager,torch_sdpa,bfloat16,True,1,8,1024,160,2686976000.0,1.13811194896698,1.3837055444717408,7197885.943852501,2.3609065895836205,9.213294008131204,ok,
torch_sdpa_flash_forced,torch_sdpa,bfloat16,True,1,8,1024,160,2686976000.0,0.08860799670219421,0.08877439796924591,92452152.23105411,30.32430593178575,118.33875485574927,ok,
torch_sdpa_efficient_forced,torch_sdpa,bfloat16,True,1,8,1024,160,2686976000.0,0.18505600094795227,0.18716159462928772,44267680.90759744,14.51979933769196,56.66263156172472,ok,
torch_sdpa_cudnn_forced,torch_sdpa,bfloat16,True,1,8,1024,160,2686976000.0,nan,nan,nan,nan,nan,unsupported,No available kernel. Aborting execution.
tiledattention,torch_sdpa,bfloat16,True,1,8,2048,64,4297064448.0,0.11923199892044067,0.12028799802064896,137412776.3381076,36.03952367574816,70.35534148511108,ok,
torch_sdpa,torch_sdpa,bfloat16,True,1,8,2048,64,4297064448.0,0.08463999629020691,0.08481279760599136,193572787.31232265,50.768722073977486,99.10926710390919,ok,
torch_sdpa_math,torch_sdpa,bfloat16,True,1,8,2048,64,4297064448.0,7.958432197570801,8.382566452026367,2058696.938449885,0.5399385634411283,1.0540528324863412,ok,
standard_eager,torch_sdpa,bfloat16,True,1,8,2048,64,4297064448.0,4.745279788970947,4.774246120452881,3452694.198997485,0.9055450129594684,1.7677794298867122,ok,
torch_sdpa_flash_forced,torch_sdpa,bfloat16,True,1,8,2048,64,4297064448.0,0.0883840024471283,0.08986879736185074,185372913.04273057,48.618124649543034,94.91093147787805,ok,
torch_sdpa_efficient_forced,torch_sdpa,bfloat16,True,1,8,2048,64,4297064448.0,0.16777600347995758,0.17406720519065857,97654012.85146968,25.611913258580657,49.99885457995248,ok,
torch_sdpa_cudnn_forced,torch_sdpa,bfloat16,True,1,8,2048,64,4297064448.0,0.12332800030708313,0.12556799352169037,132848987.73355861,34.842569710855884,68.018681719582,ok,
tiledattention,torch_sdpa,bfloat16,True,1,8,2048,96,6445596672.0,0.27910399436950684,0.2841280043125153,58702133.72263373,23.093889023553892,45.083238698982704,ok,
torch_sdpa,torch_sdpa,bfloat16,True,1,8,2048,96,6445596672.0,0.11609599739313126,0.12544000148773193,141124589.71793413,55.51954259175304,108.38368490337344,ok,
torch_sdpa_math,torch_sdpa,bfloat16,True,1,8,2048,96,6445596672.0,8.118080139160156,8.733670043945313,2018211.168052719,0.793980419201284,1.5499861770644883,ok,
standard_eager,torch_sdpa,bfloat16,True,1,8,2048,96,6445596672.0,4.736192226409912,5.104012584686279,3459319.051418498,1.3609237893804484,2.6567570314894065,ok,
torch_sdpa_flash_forced,torch_sdpa,bfloat16,True,1,8,2048,96,6445596672.0,0.11955200135707855,0.1279999926686287,137044966.32443804,53.914586111764514,105.25053413716842,ok,
torch_sdpa_efficient_forced,torch_sdpa,bfloat16,True,1,8,2048,96,6445596672.0,0.3076159954071045,0.30798078775405885,53261209.574999906,20.953385936481563,40.90460895359993,ok,
torch_sdpa_cudnn_forced,torch_sdpa,bfloat16,True,1,8,2048,96,6445596672.0,0.16124799847602844,0.1652927964925766,101607462.75827844,39.973188708808806,78.03453139835784,ok,
tiledattention,torch_sdpa,bfloat16,True,1,8,2048,128,8594128896.0,0.17977599799633026,0.18147200345993042,91135636.47319841,47.804651298197385,93.32289174855518,ok,
torch_sdpa,torch_sdpa,bfloat16,True,1,8,2048,128,8594128896.0,0.1613440066576004,0.1631424069404602,101547000.96651036,53.2658700749772,103.9841289897066,ok,
torch_sdpa_math,torch_sdpa,bfloat16,True,1,8,2048,128,8594128896.0,8.829855918884277,9.528204345703125,1855522.9157204924,0.97330341230369,1.9000554656977842,ok,
standard_eager,torch_sdpa,bfloat16,True,1,8,2048,128,8594128896.0,4.7626237869262695,5.211743927001953,3440120.5581207587,1.8044945980388953,3.522683451515657,ok,
torch_sdpa_flash_forced,torch_sdpa,bfloat16,True,1,8,2048,128,8594128896.0,0.16633599996566772,0.16673920452594757,98499422.87527479,51.66728127268814,100.86340902428138,ok,
torch_sdpa_efficient_forced,torch_sdpa,bfloat16,True,1,8,2048,128,8594128896.0,0.33260801434516907,0.33438718914985655,49259185.86855593,25.8386103922358,50.441406329401275,ok,
torch_sdpa_cudnn_forced,torch_sdpa,bfloat16,True,1,8,2048,128,8594128896.0,0.1635199934244156,0.1667904019355774,100195698.74538451,52.557052602698974,102.60039551527375,ok,
tiledattention,torch_sdpa,bfloat16,True,1,8,2048,160,10742661120.0,0.7744640111923218,0.7838080048561096,21155276.117706366,13.87109144485771,27.078753430664147,ok,
torch_sdpa,torch_sdpa,bfloat16,True,1,8,2048,160,10742661120.0,0.22115199267864227,0.28831359148025515,74084794.81262338,48.5759182627409,94.82853736015792,ok,
torch_sdpa_math,torch_sdpa,bfloat16,True,1,8,2048,160,10742661120.0,9.819456100463867,10.286835098266602,1668524.186306615,1.0940179384775213,2.135710958472467,ok,
standard_eager,torch_sdpa,bfloat16,True,1,8,2048,160,10742661120.0,4.931647777557373,5.266118335723877,3322216.1717548557,2.178310699496224,4.252436699846215,ok,
torch_sdpa_flash_forced,torch_sdpa,bfloat16,True,1,8,2048,160,10742661120.0,0.22569599747657776,0.22659839391708375,72593223.55373314,47.59792481971175,92.91932614877842,ok,
torch_sdpa_efficient_forced,torch_sdpa,bfloat16,True,1,8,2048,160,10742661120.0,0.6155840158462524,0.8425920128822326,26615375.932847563,17.45116969164949,34.06768119404488,ok,
torch_sdpa_cudnn_forced,torch_sdpa,bfloat16,True,1,8,2048,160,10742661120.0,nan,nan,nan,nan,nan,unsupported,No available kernel. Aborting execution.
tiledattention,torch_sdpa,bfloat16,True,1,8,4096,64,17184063488.0,0.3652159869670868,0.36732161045074463,89722249.76272205,47.05178333156764,45.937791878513686,ok,
torch_sdpa,torch_sdpa,bfloat16,True,1,8,4096,64,17184063488.0,0.266975998878479,0.27580798268318174,122737624.87134734,64.36557428453249,62.84166393412983,ok,
torch_sdpa_math,torch_sdpa,bfloat16,True,1,8,4096,64,17184063488.0,30.83251190185547,31.909323501586915,1062774.259337205,0.5573358259845795,0.544140420780649,ok,
standard_eager,torch_sdpa,bfloat16,True,1,8,4096,64,17184063488.0,18.46460723876953,19.289496612548827,1774638.3433056783,0.9306487414429906,0.9086148317725073,ok,
torch_sdpa_flash_forced,torch_sdpa,bfloat16,True,1,8,4096,64,17184063488.0,0.2709760069847107,0.2790271997451782,120925835.33363849,63.415442862325364,61.914027690822905,ok,
torch_sdpa_efficient_forced,torch_sdpa,bfloat16,True,1,8,4096,64,17184063488.0,0.5281599760055542,0.5520639657974243,62041808.33205621,32.53571695826359,31.76540586601278,ok,
torch_sdpa_cudnn_forced,torch_sdpa,bfloat16,True,1,8,4096,64,17184063488.0,0.32416000962257385,0.3291904091835022,101085880.51361565,53.01105311542827,51.755970822971214,ok,
tiledattention,torch_sdpa,bfloat16,True,1,8,4096,96,25776095232.0,0.8410879969596863,1.1163392186164856,38959062.6883843,30.64613372818761,29.920560144679143,ok,
torch_sdpa,torch_sdpa,bfloat16,True,1,8,4096,96,25776095232.0,0.3774400055408478,0.3972864091396332,86816446.37283617,68.29190031158588,66.67503081433819,ok,
torch_sdpa_math,torch_sdpa,bfloat16,True,1,8,4096,96,25776095232.0,31.127071380615234,32.78973579406738,1052717.0898707379,0.8280925281024794,0.8084867250207267,ok,
standard_eager,torch_sdpa,bfloat16,True,1,8,4096,96,25776095232.0,18.662784576416016,19.562136459350587,1755793.7223049023,1.3811494810143716,1.348449578730165,ok,
torch_sdpa_flash_forced,torch_sdpa,bfloat16,True,1,8,4096,96,25776095232.0,0.38464000821113586,0.39279999732971194,85191345.93511409,67.01355730486318,65.42695367816762,ok,
torch_sdpa_efficient_forced,torch_sdpa,bfloat16,True,1,8,4096,96,25776095232.0,1.0511360168457031,1.0556864023208619,31173891.36596395,24.522131121860028,23.941548569060313,ok,
torch_sdpa_cudnn_forced,torch_sdpa,bfloat16,True,1,8,4096,96,25776095232.0,0.48655998706817627,0.6641407966613769,67346269.46504046,52.976191871667986,51.72193494915107,ok,
tiledattention,torch_sdpa,bfloat16,True,1,8,4096,128,34368126976.0,0.592415988445282,0.5958912134170532,55312484.19880651,58.01350342720262,56.639983819577864,ok,
torch_sdpa,torch_sdpa,bfloat16,True,1,8,4096,128,34368126976.0,0.5065280199050903,0.6252287983894348,64691386.680128455,67.8503964744925,66.24397996045154,ok,
torch_sdpa_math,torch_sdpa,bfloat16,True,1,8,4096,128,34368126976.0,35.28112030029297,35.894805145263675,928768.6933152148,0.9741223261471833,0.95105914195478,ok,
standard_eager,torch_sdpa,bfloat16,True,1,8,4096,128,34368126976.0,18.690847396850586,20.031961822509764,1753157.5377112874,1.8387677265928049,1.7952333186163583,ok,
torch_sdpa_flash_forced,torch_sdpa,bfloat16,True,1,8,4096,128,34368126976.0,0.509440004825592,0.5105791687965393,64321607.43092447,67.46256016499137,65.86532600926665,ok,
torch_sdpa_efficient_forced,torch_sdpa,bfloat16,True,1,8,4096,128,34368126976.0,1.1475839614868164,1.4134143352508546,28553902.02346989,29.948246167079972,29.23919567203317,ok,
torch_sdpa_cudnn_forced,torch_sdpa,bfloat16,True,1,8,4096,128,34368126976.0,0.4920639991760254,0.4948799848556519,66592963.62845262,69.84483122835722,68.19119475553549,ok,
tiledattention,torch_sdpa,bfloat16,True,1,8,4096,160,42960158720.0,2.4635519981384277,2.8685375213623048,13301119.69414934,17.43829996381755,17.025433208511153,ok,
torch_sdpa,torch_sdpa,bfloat16,True,1,8,4096,160,42960158720.0,0.6938239932060242,0.7033407688140869,47228115.949962355,61.91794913503864,60.45198841595181,ok,
torch_sdpa_math,torch_sdpa,bfloat16,True,1,8,4096,160,42960158720.0,39.67763137817383,40.371483612060544,825855.7494947964,1.0827299218176578,1.0570953593533394,ok,
standard_eager,torch_sdpa,bfloat16,True,1,8,4096,160,42960158720.0,19.4751033782959,20.26250877380371,1682558.4626430492,2.205901446863543,2.153674832183103,ok,
torch_sdpa_flash_forced,torch_sdpa,bfloat16,True,1,8,4096,160,42960158720.0,0.699999988079071,0.7113536357879638,46811429.36862247,61.371656359438795,59.918629591836755,ok,
torch_sdpa_efficient_forced,torch_sdpa,bfloat16,True,1,8,4096,160,42960158720.0,2.1967999935150146,2.573856019973755,14916241.850296617,19.555789715412875,19.09278956837967,ok,
torch_sdpa_cudnn_forced,torch_sdpa,bfloat16,True,1,8,4096,160,42960158720.0,nan,nan,nan,nan,nan,unsupported,No available kernel. Aborting execution.
tiledattention,torch_sdpa,bfloat16,True,1,8,8192,64,68727865344.0,1.311743974685669,1.3135807991027832,49960968.95791291,52.3942679900391,25.58001610645141,ok,
torch_sdpa,torch_sdpa,bfloat16,True,1,8,8192,64,68727865344.0,0.8911679983139038,1.0503039598464965,73539445.00250748,77.12111013190959,37.65219584128383,ok,
torch_sdpa_math,torch_sdpa,bfloat16,True,1,8,8192,64,68727865344.0,123.5025634765625,124.99195404052735,530644.8559056589,0.5564893829676881,0.27169016622369735,ok,
standard_eager,torch_sdpa,bfloat16,True,1,8,8192,64,68727865344.0,75.00972747802734,75.75786590576172,873700.014697394,0.9162527002132158,0.4473344075250657,ok,
torch_sdpa_flash_forced,torch_sdpa,bfloat16,True,1,8,8192,64,68727865344.0,0.8697599768638611,0.9746559858322144,75349523.71148023,79.01934691432417,38.578956140277874,ok,
torch_sdpa_efficient_forced,torch_sdpa,bfloat16,True,1,8,8192,64,68727865344.0,1.7861440181732178,1.9501503944396972,36691330.22488694,38.478344772159836,18.78596107514211,ok,
torch_sdpa_cudnn_forced,torch_sdpa,bfloat16,True,1,8,8192,64,68727865344.0,1.0369600057601929,1.27532799243927,63200123.08667172,66.27822188148498,32.35846302037592,ok,
tiledattention,torch_sdpa,bfloat16,True,1,8,8192,96,103091798016.0,2.816512107849121,3.1521727085113525,23268495.745984104,36.60264684419477,17.87020473291579,ok,
torch_sdpa,torch_sdpa,bfloat16,True,1,8,8192,96,103091798016.0,1.2631679773330688,1.5545280218124389,51882252.53965541,81.61368865102018,39.84556995045536,ok,
torch_sdpa_math,torch_sdpa,bfloat16,True,1,8,8192,96,103091798016.0,125.26153564453125,126.481494140625,523193.33036103664,0.8230124074844108,0.40181247771727613,ok,
standard_eager,torch_sdpa,bfloat16,True,1,8,8192,96,103091798016.0,76.00003051757812,76.99895324707032,862315.4432134354,1.3564704818395537,0.6622582603879184,ok,
torch_sdpa_flash_forced,torch_sdpa,bfloat16,True,1,8,8192,96,103091798016.0,1.2760319709777832,1.4778048276901246,51359214.73016215,80.79092088656995,39.44387691276452,ok,
torch_sdpa_efficient_forced,torch_sdpa,bfloat16,True,1,8,8192,96,103091798016.0,3.85481595993042,4.018924570083618,17001071.0449541,26.743636813691314,13.056822562524747,ok,
torch_sdpa_cudnn_forced,torch_sdpa,bfloat16,True,1,8,8192,96,103091798016.0,1.6740479469299316,1.9258687496185303,39148221.602725126,61.582344881496375,30.0658341908929,ok,
tiledattention,torch_sdpa,bfloat16,True,1,8,8192,128,137455730688.0,2.2580161094665527,2.77061767578125,29023707.902368605,60.87455714409113,29.720276892025453,ok,
torch_sdpa,torch_sdpa,bfloat16,True,1,8,8192,128,137455730688.0,1.715775966644287,1.8864063501358033,38196128.90847005,80.11286634165636,39.11283600227333,ok,
torch_sdpa_math,torch_sdpa,bfloat16,True,1,8,8192,128,137455730688.0,139.34034729003906,140.3670867919922,470330.39083493757,0.9864747243803247,0.4816183202149761,ok,
standard_eager,torch_sdpa,bfloat16,True,1,8,8192,128,137455730688.0,76.17231750488281,77.193505859375,860365.05316776,1.804536545434485,0.8810138144437862,ok,
torch_sdpa_flash_forced,torch_sdpa,bfloat16,True,1,8,8192,128,137455730688.0,1.726688027381897,1.8797376155853271,37954742.81440952,79.60658121688505,38.86565664195535,ok,
torch_sdpa_efficient_forced,torch_sdpa,bfloat16,True,1,8,8192,128,137455730688.0,4.2000322341918945,4.493254566192627,15603689.768492796,32.727303749954935,15.978178322936623,ok,
torch_sdpa_cudnn_forced,torch_sdpa,bfloat16,True,1,8,8192,128,137455730688.0,1.6835839748382568,1.9222336053848266,38926481.23257178,81.64471314904591,39.8607167821535,ok,
tiledattention,torch_sdpa,bfloat16,True,1,8,8192,160,171819663360.0,11.856191635131836,12.797708320617676,5527575.971849688,14.491977579956636,7.075297243967601,ok,
torch_sdpa,torch_sdpa,bfloat16,True,1,8,8192,160,171819663360.0,2.367743968963623,2.6470143795013428,27678668.326916076,72.5668254727755,35.42869545845257,ok,
torch_sdpa_math,torch_sdpa,bfloat16,True,1,8,8192,160,171819663360.0,154.13565063476562,156.16922302246093,425183.91903565376,1.1147301915709158,0.5442354163656368,ok,
standard_eager,torch_sdpa,bfloat16,True,1,8,8192,160,171819663360.0,79.49571228027344,79.69828796386719,824396.6639224958,2.1613701976054425,1.0552277298207946,ok,
torch_sdpa_flash_forced,torch_sdpa,bfloat16,True,1,8,8192,160,171819663360.0,2.380768060684204,2.693760061264038,27527251.008720998,72.16984560462436,35.23488129116288,ok,
torch_sdpa_efficient_forced,torch_sdpa,bfloat16,True,1,8,8192,160,171819663360.0,8.297087669372559,8.644781112670898,7898675.126926308,20.708430500770316,10.110304162465674,ok,
torch_sdpa_cudnn_forced,torch_sdpa,bfloat16,True,1,8,8192,160,171819663360.0,nan,nan,nan,nan,nan,unsupported,No available kernel. Aborting execution.
